STATION,DATE,PRCP,TMAX,TMIN
USW00023234,2020-07-19,0.0,233.0,144.0
USW00023234,2020-07-20,0.0,206.0,128.0
USW00023234,2020-07-21,0.0,217.0,128.0
USW00023234,2020-07-22,0.0,233.0,144.0
USW00023234,2020-07-23,0.0,228.0,133.0
USW00023234,2020-07-24,0.0,200.0,128.0
USW00023234,2020-07-25,0.0,233.0,133.0
USW00023234,2020-07-26,0.0,217.0,144.0
USW00023234,2020-07-27,0.0,217.0,128.0
USW00023234,2020-07-28,0.0,206.0,128.0
USW00023234,2020-07-29,0.0,211.0,128.0
USW00023234,2020-07-30,0.0,200.0,128.0
USW00023234,2020-07-31,0.0,200.0,128.0
USW00023234,2020-08-01,0.0,200.0,133.0
USW00023234,2020-08-02,0.0,211.0,128.0
USW00023234,2020-08-03,0.0,239.0,144.0
USW00023234,2020-08-04,0.0,217.0,144.0
USW00023234,2020-08-05,0.0,189.0,144.0
USW00023234,2020-08-06,0.0,250.0,144.0
USW00023234,2020-08-07,0.0,256.0,144.0
USW00023234,2020-08-08,0.0,250.0,144.0
USW00023234,2020-08-09,0.0,228.0,144.0
USW00023234,2020-08-10,0.0,228.0,139.0
USW00023234,2020-08-11,0.0,250.0,144.0
USW00023234,2020-08-12,0.0,217.0,133.0
USW00023234,2020-08-13,0.0,300.0,133.0
USW00023234,2020-08-14,0.0,372.0,167.0
USW00023234,2020-08-15,0.0,344.0,189.0
USW00023234,2020-08-16,10.0,300.0,178.0
USW00023234,2020-08-17,3.0,278.0,167.0
USW00023234,2020-08-18,0.0,289.0,161.0
USW00023234,2020-08-19,0.0,267.0,161.0
USW00023234,2020-08-20,0.0,250.0,128.0
USW00023234,2020-08-21,0.0,267.0,144.0
USW00023234,2020-08-22,0.0,261.0,133.0
USW00023234,2020-08-23,0.0,244.0,144.0
USW00023234,2020-08-24,0.0,244.0,144.0
USW00023234,2020-08-25,0.0,217.0,144.0
USW00023234,2020-08-26,0.0,189.0,128.0
USW00023234,2020-08-27,0.0,200.0,128.0
USW00023234,2020-08-28,0.0,194.0,128.0
USW00023234,2020-08-29,0.0,222.0,133.0
USW00023234,2020-08-30,0.0,211.0,133.0
USW00023234,2020-08-31,0.0,217.0,133.0
USW00023234,2020-09-01,0.0,222.0,144.0
USW00023234,2020-09-02,0.0,217.0,144.0
USW00023234,2020-09-03,0.0,194.0,144.0
USW00023234,2020-09-04,0.0,222.0,139.0
USW00023234,2020-09-05,0.0,339.0,144.0
USW00023234,2020-09-06,0.0,389.0,200.0
USW00023234,2020-09-07,0.0,361.0,172.0
USW00023234,2020-09-08,0.0,261.0,144.0
USW00023234,2020-09-09,0.0,189.0,144.0
USW00023234,2020-09-10,0.0,194.0,144.0
USW00023234,2020-09-11,0.0,233.0,128.0
USW00023234,2020-09-12,0.0,244.0,128.0
USW00023234,2020-09-13,0.0,194.0,128.0
USW00023234,2020-09-14,0.0,206.0,128.0
USW00023234,2020-09-15,0.0,228.0,156.0
USW00023234,2020-09-16,0.0,261.0,178.0
USW00023234,2020-09-17,0.0,228.0,161.0
USW00023234,2020-09-18,0.0,239.0,161.0
USW00023234,2020-09-19,0.0,261.0,161.0
USW00023234,2020-09-20,0.0,283.0,144.0
USW00023234,2020-09-21,0.0,250.0,133.0
USW00023234,2020-09-22,0.0,228.0,150.0
USW00023234,2020-09-23,0.0,250.0,144.0
USW00023234,2020-09-24,0.0,261.0,161.0
USW00023234,2020-09-25,0.0,222.0,161.0
USW00023234,2020-09-26,0.0,250.0,144.0
USW00023234,2020-09-27,0.0,328.0,161.0
USW00023234,2020-09-28,0.0,356.0,144.0
USW00023234,2020-09-29,0.0,350.0,139.0
USW00023234,2020-09-30,0.0,278.0,144.0
USW00023234,2020-10-01,0.0,311.0,178.0
USW00023234,2020-10-02,0.0,311.0,144.0
USW00023234,2020-10-03,0.0,294.0,128.0
USW00023234,2020-10-04,0.0,217.0,128.0
USW00023234,2020-10-05,0.0,233.0,111.0
USW00023234,2020-10-06,0.0,206.0,111.0
USW00023234,2020-10-07,0.0,183.0,128.0
USW00023234,2020-10-08,0.0,194.0,139.0
USW00023234,2020-10-09,0.0,217.0,144.0
USW00023234,2020-10-10,0.0,233.0,144.0
USW00023234,2020-10-11,0.0,250.0,133.0
USW00023234,2020-10-12,0.0,283.0,128.0
USW00023234,2020-10-13,0.0,289.0,144.0
USW00023234,2020-10-14,0.0,311.0,161.0
USW00023234,2020-10-15,0.0,328.0,167.0
USW00023234,2020-10-16,0.0,344.0,172.0
USW00023234,2020-10-17,0.0,328.0,161.0
USW00023234,2020-10-18,0.0,283.0,144.0
USW00023234,2020-10-19,0.0,261.0,128.0
USW00023234,2020-10-20,0.0,272.0,122.0
USW00023234,2020-10-21,0.0,261.0,133.0
USW00023234,2020-10-22,0.0,228.0,128.0
USW00023234,2020-10-23,0.0,222.0,111.0
USW00023234,2020-10-24,0.0,217.0,111.0
USW00023234,2020-10-25,0.0,217.0,133.0
USW00023234,2020-10-26,0.0,250.0,128.0
USW00023234,2020-10-27,0.0,250.0,122.0
USW00023234,2020-10-28,0.0,233.0,111.0
USW00023234,2020-10-29,0.0,228.0,94.0
USW00023234,2020-10-30,0.0,183.0,94.0
USW00023234,2020-10-31,0.0,244.0,83.0
USW00023234,2020-11-01,0.0,250.0,100.0
USW00023234,2020-11-02,0.0,228.0,111.0
USW00023234,2020-11-03,0.0,194.0,100.0
USW00023234,2020-11-04,0.0,228.0,122.0
USW00023234,2020-11-05,0.0,267.0,128.0
USW00023234,2020-11-06,0.0,167.0,111.0
USW00023234,2020-11-07,0.0,167.0,94.0
USW00023234,2020-11-08,8.0,139.0,78.0
USW00023234,2020-11-09,0.0,156.0,50.0
USW00023234,2020-11-10,0.0,161.0,50.0
USW00023234,2020-11-11,0.0,156.0,100.0
USW00023234,2020-11-12,0.0,167.0,67.0
USW00023234,2020-11-13,3.0,156.0,83.0
USW00023234,2020-11-14,0.0,161.0,83.0
USW00023234,2020-11-15,0.0,194.0,61.0
USW00023234,2020-11-16,0.0,206.0,94.0
USW00023234,2020-11-17,36.0,189.0,117.0
USW00023234,2020-11-18,33.0,183.0,94.0
USW00023234,2020-11-19,0.0,183.0,72.0
USW00023234,2020-11-20,0.0,183.0,72.0
USW00023234,2020-11-21,0.0,183.0,67.0
USW00023234,2020-11-22,0.0,144.0,56.0
USW00023234,2020-11-23,0.0,161.0,89.0
USW00023234,2020-11-24,0.0,178.0,67.0
USW00023234,2020-11-25,0.0,161.0,94.0
USW00023234,2020-11-26,0.0,172.0,67.0
USW00023234,2020-11-27,0.0,189.0,50.0
USW00023234,2020-11-28,0.0,178.0,50.0
USW00023234,2020-11-29,0.0,150.0,50.0
USW00023234,2020-11-30,0.0,167.0,50.0
USW00023234,2020-12-01,0.0,167.0,67.0
USW00023234,2020-12-02,0.0,189.0,67.0
USW00023234,2020-12-03,0.0,161.0,83.0
USW00023234,2020-12-04,0.0,161.0,72.0
USW00023234,2020-12-05,0.0,161.0,67.0
USW00023234,2020-12-06,0.0,167.0,78.0
USW00023234,2020-12-07,0.0,228.0,78.0
USW00023234,2020-12-08,0.0,222.0,78.0
USW00023234,2020-12-09,0.0,189.0,78.0
USW00023234,2020-12-10,0.0,167.0,83.0
USW00023234,2020-12-11,74.0,156.0,100.0
USW00023234,2020-12-12,5.0,156.0,106.0
USW00023234,2020-12-13,99.0,156.0,100.0
USW00023234,2020-12-14,0.0,144.0,72.0
USW00023234,2020-12-15,0.0,144.0,78.0
USW00023234,2020-12-16,0.0,144.0,72.0
USW00023234,2020-12-17,112.0,144.0,89.0
USW00023234,2020-12-18,0.0,172.0,56.0
USW00023234,2020-12-19,0.0,161.0,56.0
USW00023234,2020-12-20,0.0,167.0,56.0
USW00023234,2020-12-21,0.0,144.0,61.0
USW00023234,2020-12-22,0.0,156.0,89.0
USW00023234,2020-12-23,0.0,156.0,56.0
USW00023234,2020-12-24,0.0,133.0,67.0
USW00023234,2020-12-25,41.0,178.0,72.0
USW00023234,2020-12-26,0.0,161.0,94.0
USW00023234,2020-12-27,0.0,139.0,78.0
USW00023234,2020-12-28,5.0,133.0,83.0
USW00023234,2020-12-29,0.0,161.0,50.0
USW00023234,2020-12-30,10.0,139.0,44.0
USW00023234,2020-12-31,8.0,156.0,83.0
USW00023234,2021-01-01,0.0,156.0,61.0
USW00023234,2021-01-02,48.0,122.0,100.0
USW00023234,2021-01-03,0.0,117.0,94.0
USW00023234,2021-01-04,76.0,167.0,106.0
USW00023234,2021-01-05,0.0,144.0,72.0
USW00023234,2021-01-06,5.0,133.0,56.0
USW00023234,2021-01-07,0.0,144.0,67.0
USW00023234,2021-01-08,0.0,144.0,89.0
USW00023234,2021-01-09,0.0,161.0,56.0
USW00023234,2021-01-10,0.0,144.0,61.0
USW00023234,2021-01-11,0.0,161.0,72.0
USW00023234,2021-01-12,0.0,144.0,94.0
USW00023234,2021-01-13,0.0,200.0,100.0
USW00023234,2021-01-14,0.0,206.0,100.0
USW00023234,2021-01-15,0.0,172.0,83.0
USW00023234,2021-01-16,0.0,194.0,94.0
USW00023234,2021-01-17,0.0,233.0,89.0
USW00023234,2021-01-18,0.0,233.0,100.0
USW00023234,2021-01-19,0.0,189.0,94.0
USW00023234,2021-01-20,0.0,194.0,83.0
USW00023234,2021-01-21,0.0,144.0,56.0
USW00023234,2021-01-22,18.0,128.0,94.0
USW00023234,2021-01-23,0.0,139.0,78.0
USW00023234,2021-01-24,38.0,117.0,78.0
USW00023234,2021-01-25,0.0,122.0,78.0
USW00023234,2021-01-26,183.0,111.0,39.0
USW00023234,2021-01-27,196.0,128.0,83.0
USW00023234,2021-01-28,145.0,122.0,89.0
USW00023234,2021-01-29,33.0,139.0,61.0
USW00023234,2021-01-30,0.0,144.0,83.0
USW00023234,2021-01-31,0.0,161.0,100.0
USW00023234,2021-02-01,89.0,183.0,89.0
USW00023234,2021-02-02,46.0,161.0,106.0
USW00023234,2021-02-03,0.0,150.0,61.0
USW00023234,2021-02-04,0.0,167.0,72.0
USW00023234,2021-02-05,0.0,194.0,61.0
USW00023234,2021-02-06,0.0,194.0,67.0
USW00023234,2021-02-07,0.0,194.0,67.0
USW00023234,2021-02-08,0.0,144.0,61.0
USW00023234,2021-02-09,0.0,156.0,106.0
USW00023234,2021-02-10,0.0,167.0,94.0
USW00023234,2021-02-11,109.0,139.0,72.0
USW00023234,2021-02-12,0.0,156.0,106.0
USW00023234,2021-02-13,13.0,156.0,100.0
USW00023234,2021-02-14,3.0,144.0,100.0
USW00023234,2021-02-15,36.0,150.0,111.0
USW00023234,2021-02-16,0.0,144.0,94.0
USW00023234,2021-02-17,0.0,178.0,67.0
USW00023234,2021-02-18,0.0,183.0,61.0
USW00023234,2021-02-19,8.0,156.0,106.0
USW00023234,2021-02-20,15.0,156.0,100.0
USW00023234,2021-02-21,0.0,178.0,67.0
USW00023234,2021-02-22,0.0,222.0,78.0
USW00023234,2021-02-23,0.0,244.0,100.0
USW00023234,2021-02-24,0.0,217.0,94.0
USW00023234,2021-02-25,0.0,189.0,100.0
USW00023234,2021-02-26,0.0,161.0,83.0
USW00023234,2021-02-27,0.0,161.0,72.0
USW00023234,2021-02-28,0.0,206.0,89.0
USW00023234,2021-03-01,0.0,206.0,72.0
USW00023234,2021-03-02,0.0,183.0,67.0
USW00023234,2021-03-03,0.0,178.0,89.0
USW00023234,2021-03-04,0.0,172.0,72.0
USW00023234,2021-03-05,53.0,183.0,78.0
USW00023234,2021-03-06,3.0,144.0,83.0
USW00023234,2021-03-07,0.0,156.0,67.0
USW00023234,2021-03-08,0.0,150.0,72.0
USW00023234,2021-03-09,51.0,156.0,89.0
USW00023234,2021-03-10,119.0,133.0,72.0
USW00023234,2021-03-11,23.0,150.0,61.0
USW00023234,2021-03-12,0.0,183.0,61.0
USW00023234,2021-03-13,0.0,133.0,100.0
USW00023234,2021-03-14,43.0,144.0,83.0
USW00023234,2021-03-15,8.0,128.0,72.0
USW00023234,2021-03-16,0.0,139.0,61.0
USW00023234,2021-03-17,0.0,133.0,61.0
USW00023234,2021-03-18,41.0,144.0,106.0
USW00023234,2021-03-19,3.0,161.0,106.0
USW00023234,2021-03-20,8.0,144.0,89.0
USW00023234,2021-03-21,0.0,161.0,67.0
USW00023234,2021-03-22,0.0,161.0,94.0
USW00023234,2021-03-23,0.0,189.0,83.0
USW00023234,2021-03-24,0.0,206.0,106.0
USW00023234,2021-03-25,0.0,156.0,89.0
USW00023234,2021-03-26,0.0,217.0,72.0
USW00023234,2021-03-27,0.0,250.0,78.0
USW00023234,2021-03-28,0.0,200.0,89.0
USW00023234,2021-03-29,0.0,172.0,89.0
USW00023234,2021-03-30,0.0,250.0,94.0
USW00023234,2021-03-31,0.0,272.0,122.0
USW00023234,2021-04-01,0.0,289.0,122.0
USW00023234,2021-04-02,0.0,211.0,100.0
USW00023234,2021-04-03,0.0,172.0,106.0
USW00023234,2021-04-04,0.0,167.0,111.0
USW00023234,2021-04-05,0.0,139.0,111.0
USW00023234,2021-04-06,0.0,172.0,100.0
USW00023234,2021-04-07,0.0,150.0,100.0
USW00023234,2021-04-08,0.0,167.0,106.0
USW00023234,2021-04-09,0.0,150.0,100.0
USW00023234,2021-04-10,0.0,178.0,94.0
USW00023234,2021-04-11,0.0,200.0,89.0
USW00023234,2021-04-12,0.0,189.0,89.0
USW00023234,2021-04-13,0.0,161.0,106.0
USW00023234,2021-04-14,0.0,206.0,94.0
USW00023234,2021-04-15,0.0,183.0,83.0
USW00023234,2021-04-16,0.0,156.0,89.0
USW00023234,2021-04-17,0.0,167.0,106.0
USW00023234,2021-04-18,0.0,244.0,89.0
USW00023234,2021-04-19,0.0,172.0,100.0
USW00023234,2021-04-20,0.0,156.0,117.0
USW00023234,2021-04-21,0.0,178.0,106.0
USW00023234,2021-04-22,0.0,167.0,100.0
USW00023234,2021-04-23,0.0,200.0,111.0
USW00023234,2021-04-24,0.0,189.0,106.0
USW00023234,2021-04-25,0.0,156.0,106.0
USW00023234,2021-04-26,0.0,167.0,94.0
USW00023234,2021-04-27,0.0,211.0,89.0
USW00023234,2021-04-28,0.0,283.0,100.0
USW00023234,2021-04-29,0.0,172.0,111.0
USW00023234,2021-04-30,0.0,167.0,117.0
USW00023234,2021-05-01,0.0,161.0,117.0
USW00023234,2021-05-02,0.0,194.0,111.0
USW00023234,2021-05-03,0.0,250.0,100.0
USW00023234,2021-05-04,0.0,222.0,122.0
USW00023234,2021-05-05,0.0,211.0,106.0
USW00023234,2021-05-06,0.0,178.0,100.0
USW00023234,2021-05-07,0.0,189.0,111.0
USW00023234,2021-05-08,0.0,261.0,100.0
USW00023234,2021-05-09,0.0,244.0,122.0
USW00023234,2021-05-10,0.0,289.0,111.0
USW00023234,2021-05-11,0.0,222.0,106.0
USW00023234,2021-05-12,0.0,200.0,100.0
USW00023234,2021-05-13,0.0,200.0,111.0
USW00023234,2021-05-14,0.0,161.0,111.0
USW00023234,2021-05-15,0.0,178.0,111.0
USW00023234,2021-05-16,0.0,194.0,117.0
USW00023234,2021-05-17,0.0,167.0,117.0
USW00023234,2021-05-18,0.0,200.0,122.0
USW00023234,2021-05-19,0.0,167.0,111.0
USW00023234,2021-05-20,0.0,183.0,100.0
USW00023234,2021-05-21,0.0,178.0,106.0
USW00023234,2021-05-22,0.0,211.0,94.0
USW00023234,2021-05-23,0.0,183.0,117.0
USW00023234,2021-05-24,0.0,183.0,106.0
USW00023234,2021-05-25,0.0,183.0,122.0
USW00023234,2021-05-26,0.0,189.0,111.0
USW00023234,2021-05-27,0.0,200.0,117.0
USW00023234,2021-05-28,0.0,200.0,122.0
USW00023234,2021-05-29,0.0,156.0,122.0
USW00023234,2021-05-30,0.0,228.0,117.0
USW00023234,2021-05-31,0.0,244.0,111.0
USW00023234,2021-06-01,0.0,222.0,122.0
USW00023234,2021-06-02,0.0,194.0,117.0
USW00023234,2021-06-03,0.0,222.0,122.0
USW00023234,2021-06-04,0.0,200.0,133.0
USW00023234,2021-06-05,0.0,233.0,128.0
USW00023234,2021-06-06,0.0,228.0,128.0
USW00023234,2021-06-07,0.0,189.0,128.0
USW00023234,2021-06-08,0.0,194.0,128.0
USW00023234,2021-06-09,0.0,194.0,128.0
USW00023234,2021-06-10,0.0,206.0,128.0
USW00023234,2021-06-11,0.0,228.0,128.0
USW00023234,2021-06-12,0.0,256.0,167.0
USW00023234,2021-06-13,0.0,250.0,139.0
USW00023234,2021-06-14,0.0,228.0,156.0
USW00023234,2021-06-15,0.0,233.0,133.0
USW00023234,2021-06-16,0.0,300.0,144.0
USW00023234,2021-06-17,0.0,322.0,167.0
USW00023234,2021-06-18,0.0,289.0,156.0
USW00023234,2021-06-19,0.0,261.0,156.0
USW00023234,2021-06-20,0.0,244.0,144.0
USW00023234,2021-06-21,0.0,239.0,156.0
USW00023234,2021-06-22,0.0,244.0,178.0
USW00023234,2021-06-23,0.0,233.0,167.0
USW00023234,2021-06-24,0.0,239.0,161.0
USW00023234,2021-06-25,0.0,217.0,144.0
USW00023234,2021-06-26,0.0,211.0,150.0
USW00023234,2021-06-27,0.0,217.0,156.0
USW00023234,2021-06-28,0.0,206.0,150.0
USW00023234,2021-06-29,0.0,217.0,150.0
USW00023234,2021-06-30,0.0,222.0,156.0
USW00023234,2021-07-01,0.0,244.0,161.0
USW00023234,2021-07-02,0.0,256.0,156.0
USW00023234,2021-07-03,0.0,239.0,161.0
USW00023234,2021-07-04,0.0,250.0,156.0
USW00023234,2021-07-05,0.0,228.0,156.0
USW00023234,2021-07-06,0.0,206.0,150.0
USW00023234,2021-07-07,0.0,194.0,139.0
USW00023234,2021-07-08,0.0,233.0,150.0
USW00023234,2021-07-09,0.0,239.0,144.0
USW00023234,2021-07-10,0.0,222.0,139.0
USW00023234,2021-07-11,0.0,211.0,139.0
USW00023234,2021-07-12,0.0,206.0,139.0
USW00023234,2021-07-13,0.0,244.0,128.0
USW00023234,2021-07-14,0.0,228.0,128.0
USW00023234,2021-07-15,0.0,183.0,122.0
USW00023234,2021-07-16,0.0,211.0,128.0
USW00023234,2021-07-17,0.0,222.0,122.0
USW00023234,2021-07-18,0.0,233.0,128.0
USW00023234,2021-07-19,0.0,211.0,133.0
USW00023234,2021-07-20,0.0,189.0,128.0
USW00023234,2021-07-21,0.0,200.0,128.0
USW00023234,2021-07-22,0.0,189.0,128.0
USW00023234,2021-07-23,0.0,239.0,117.0
USW00023234,2021-07-24,0.0,211.0,128.0
USW00023234,2021-07-25,0.0,217.0,133.0
USW00023234,2021-07-26,0.0,239.0,139.0
USW00023234,2021-07-27,0.0,239.0,144.0
USW00023234,2021-07-28,0.0,233.0,133.0
USW00023234,2021-07-29,0.0,222.0,139.0
USW00023234,2021-07-30,0.0,217.0,133.0
USW00023234,2021-07-31,0.0,239.0,144.0
USW00023234,2021-08-01,0.0,228.0,144.0
USW00023234,2021-08-02,0.0,217.0,128.0
USW00023234,2021-08-03,0.0,200.0,128.0
USW00023234,2021-08-04,0.0,200.0,133.0
USW00023234,2021-08-05,0.0,200.0,144.0
USW00023234,2021-08-06,0.0,239.0,144.0
USW00023234,2021-08-07,0.0,239.0,133.0
USW00023234,2021-08-08,0.0,233.0,139.0
USW00023234,2021-08-09,0.0,239.0,139.0
USW00023234,2021-08-10,0.0,239.0,144.0
USW00023234,2021-08-11,0.0,211.0,139.0
USW00023234,2021-08-12,0.0,217.0,150.0
USW00023234,2021-08-13,0.0,217.0,144.0
USW00023234,2021-08-14,0.0,211.0,144.0
USW00023234,2021-08-15,0.0,217.0,144.0
USW00023234,2021-08-16,0.0,228.0,144.0
USW00023234,2021-08-17,0.0,244.0,150.0
USW00023234,2021-08-18,0.0,239.0,144.0
USW00023234,2021-08-19,0.0,228.0,150.0
USW00023234,2021-08-20,0.0,228.0,156.0
USW00023234,2021-08-21,0.0,217.0,150.0
USW00023234,2021-08-22,0.0,228.0,144.0
USW00023234,2021-08-23,0.0,228.0,133.0
USW00023234,2021-08-24,0.0,217.0,133.0
USW00023234,2021-08-25,0.0,206.0,133.0
USW00023234,2021-08-26,0.0,250.0,128.0
USW00023234,2021-08-27,0.0,311.0,150.0
USW00023234,2021-08-28,0.0,317.0,156.0
USW00023234,2021-08-29,0.0,239.0,144.0
USW00023234,2021-08-30,0.0,217.0,133.0
USW00023234,2021-08-31,0.0,233.0,128.0
USW00023234,2021-09-01,0.0,217.0,128.0
USW00023234,2021-09-02,0.0,206.0,139.0
USW00023234,2021-09-03,0.0,194.0,128.0
USW00023234,2021-09-04,0.0,228.0,122.0
USW00023234,2021-09-05,0.0,256.0,117.0
USW00023234,2021-09-06,0.0,278.0,128.0
USW00023234,2021-09-07,0.0,239.0,144.0
USW00023234,2021-09-08,0.0,239.0,156.0
USW00023234,2021-09-09,0.0,206.0,144.0
USW00023234,2021-09-10,0.0,200.0,150.0
USW00023234,2021-09-11,0.0,211.0,139.0
USW00023234,2021-09-12,0.0,239.0,128.0
USW00023234,2021-09-13,0.0,222.0,144.0
USW00023234,2021-09-14,0.0,222.0,122.0
USW00023234,2021-09-15,0.0,211.0,139.0
USW00023234,2021-09-16,0.0,200.0,128.0
USW00023234,2021-09-17,0.0,211.0,128.0
USW00023234,2021-09-18,0.0,217.0,139.0
USW00023234,2021-09-19,0.0,217.0,156.0
USW00023234,2021-09-20,0.0,300.0,133.0
USW00023234,2021-09-21,0.0,322.0,167.0
USW00023234,2021-09-22,0.0,228.0,128.0
USW00023234,2021-09-23,0.0,278.0,122.0
USW00023234,2021-09-24,0.0,222.0,128.0
USW00023234,2021-09-25,0.0,194.0,139.0
USW00023234,2021-09-26,0.0,189.0,150.0
USW00023234,2021-09-27,0.0,222.0,150.0
USW00023234,2021-09-28,0.0,217.0,139.0
USW00023234,2021-09-29,0.0,228.0,117.0
USW00023234,2021-09-30,0.0,283.0,122.0
USW00023234,2021-10-01,0.0,267.0,133.0
USW00023234,2021-10-02,0.0,278.0,139.0
USW00023234,2021-10-03,0.0,306.0,139.0
USW00023234,2021-10-04,0.0,261.0,128.0
USW00023234,2021-10-05,0.0,200.0,122.0
USW00023234,2021-10-06,0.0,189.0,133.0
USW00023234,2021-10-07,0.0,167.0,133.0
USW00023234,2021-10-08,0.0,178.0,128.0
USW00023234,2021-10-09,0.0,222.0,128.0
USW00023234,2021-10-10,0.0,222.0,111.0
USW00023234,2021-10-11,0.0,178.0,122.0
USW00023234,2021-10-12,0.0,194.0,106.0
USW00023234,2021-10-13,0.0,167.0,100.0
USW00023234,2021-10-14,0.0,233.0,100.0
USW00023234,2021-10-15,0.0,261.0,106.0
USW00023234,2021-10-16,0.0,283.0,122.0
USW00023234,2021-10-17,8.0,211.0,117.0
USW00023234,2021-10-18,0.0,161.0,106.0
USW00023234,2021-10-19,0.0,194.0,89.0
USW00023234,2021-10-20,74.0,194.0,128.0
USW00023234,2021-10-21,112.0,211.0,161.0
USW00023234,2021-10-22,117.0,183.0,133.0
USW00023234,2021-10-23,66.0,183.0,122.0
USW00023234,2021-10-24,1021.0,183.0,139.0
USW00023234,2021-10-25,86.0,172.0,122.0
USW00023234,2021-10-26,0.0,178.0,122.0
USW00023234,2021-10-27,0.0,217.0,133.0
USW00023234,2021-10-28,0.0,239.0,139.0
USW00023234,2021-10-29,0.0,228.0,133.0
USW00023234,2021-10-30,0.0,178.0,139.0
USW00023234,2021-10-31,0.0,172.0,133.0
USW00023234,2021-11-01,33.0,189.0,156.0
USW00023234,2021-11-02,0.0,189.0,150.0
USW00023234,2021-11-03,0.0,217.0,128.0
USW00023234,2021-11-04,15.0,183.0,133.0
USW00023234,2021-11-05,0.0,183.0,117.0
USW00023234,2021-11-06,0.0,172.0,122.0
USW00023234,2021-11-07,0.0,167.0,83.0
USW00023234,2021-11-08,71.0,172.0,89.0
USW00023234,2021-11-09,38.0,183.0,111.0
USW00023234,2021-11-10,0.0,183.0,133.0
USW00023234,2021-11-11,0.0,200.0,117.0
USW00023234,2021-11-12,0.0,217.0,122.0
USW00023234,2021-11-13,0.0,189.0,122.0
USW00023234,2021-11-14,0.0,189.0,128.0
USW00023234,2021-11-15,0.0,161.0,128.0
USW00023234,2021-11-16,0.0,172.0,117.0
USW00023234,2021-11-17,0.0,194.0,94.0
USW00023234,2021-11-18,0.0,161.0,106.0
USW00023234,2021-11-19,3.0,161.0,117.0
USW00023234,2021-11-20,0.0,189.0,106.0
USW00023234,2021-11-21,0.0,200.0,89.0
USW00023234,2021-11-22,0.0,189.0,83.0
USW00023234,2021-11-23,0.0,172.0,89.0
USW00023234,2021-11-24,0.0,189.0,78.0
USW00023234,2021-11-25,0.0,178.0,78.0
USW00023234,2021-11-26,0.0,189.0,94.0
USW00023234,2021-11-27,0.0,194.0,89.0
USW00023234,2021-11-28,0.0,211.0,106.0
USW00023234,2021-11-29,0.0,194.0,106.0
USW00023234,2021-11-30,0.0,189.0,94.0
USW00023234,2021-12-01,0.0,211.0,94.0
USW00023234,2021-12-02,0.0,167.0,94.0
USW00023234,2021-12-03,0.0,133.0,106.0
USW00023234,2021-12-04,0.0,144.0,117.0
USW00023234,2021-12-05,0.0,144.0,94.0
USW00023234,2021-12-06,5.0,128.0,100.0
USW00023234,2021-12-07,13.0,156.0,106.0
USW00023234,2021-12-08,0.0,133.0,106.0
USW00023234,2021-12-09,3.0,139.0,78.0
USW00023234,2021-12-10,0.0,139.0,56.0
USW00023234,2021-12-11,0.0,133.0,39.0
USW00023234,2021-12-12,178.0,133.0,89.0
USW00023234,2021-12-13,798.0,161.0,78.0
USW00023234,2021-12-14,53.0,111.0,61.0
USW00023234,2021-12-15,91.0,133.0,67.0
USW00023234,2021-12-16,71.0,139.0,89.0
USW00023234,2021-12-17,0.0,128.0,61.0
USW00023234,2021-12-18,0.0,111.0,50.0
USW00023234,2021-12-19,0.0,100.0,50.0
USW00023234,2021-12-20,0.0,122.0,72.0
USW00023234,2021-12-21,64.0,111.0,56.0
USW00023234,2021-12-22,203.0,150.0,83.0
USW00023234,2021-12-23,488.0,150.0,117.0
USW00023234,2021-12-24,33.0,128.0,89.0
USW00023234,2021-12-25,178.0,128.0,78.0
USW00023234,2021-12-26,15.0,111.0,61.0
USW00023234,2021-12-27,91.0,111.0,72.0
USW00023234,2021-12-28,0.0,94.0,67.0
USW00023234,2021-12-29,208.0,106.0,72.0
USW00023234,2021-12-30,0.0,117.0,72.0
USW00023234,2021-12-31,0.0,122.0,50.0
USW00023234,2022-01-01,0.0,111.0,39.0
USW00023234,2022-01-02,0.0,117.0,17.0
USW00023234,2022-01-03,69.0,128.0,83.0
USW00023234,2022-01-04,38.0,150.0,106.0
USW00023234,2022-01-05,0.0,144.0,106.0
USW00023234,2022-01-06,0.0,128.0,111.0
USW00023234,2022-01-07,0.0,139.0,100.0
USW00023234,2022-01-08,0.0,133.0,72.0
USW00023234,2022-01-09,0.0,139.0,50.0
USW00023234,2022-01-10,0.0,161.0,83.0
USW00023234,2022-01-11,0.0,156.0,67.0
USW00023234,2022-01-12,0.0,144.0,67.0
USW00023234,2022-01-13,0.0,144.0,83.0
USW00023234,2022-01-14,0.0,167.0,78.0
USW00023234,2022-01-15,0.0,172.0,83.0
USW00023234,2022-01-16,0.0,150.0,106.0
USW00023234,2022-01-17,0.0,150.0,89.0
USW00023234,2022-01-18,0.0,156.0,72.0
USW00023234,2022-01-19,0.0,150.0,72.0
USW00023234,2022-01-20,0.0,156.0,72.0
USW00023234,2022-01-21,0.0,189.0,67.0
USW00023234,2022-01-22,0.0,172.0,94.0
USW00023234,2022-01-23,0.0,178.0,61.0
USW00023234,2022-01-24,0.0,161.0,56.0
USW00023234,2022-01-25,0.0,144.0,67.0
USW00023234,2022-01-26,0.0,161.0,67.0
USW00023234,2022-01-27,0.0,178.0,50.0
USW00023234,2022-01-28,0.0,178.0,61.0
USW00023234,2022-01-29,0.0,156.0,67.0
USW00023234,2022-01-30,0.0,144.0,61.0
USW00023234,2022-01-31,0.0,144.0,72.0
USW00023234,2022-02-01,0.0,156.0,44.0
USW00023234,2022-02-02,0.0,161.0,89.0
USW00023234,2022-02-03,0.0,178.0,56.0
USW00023234,2022-02-04,0.0,172.0,61.0
USW00023234,2022-02-05,0.0,156.0,67.0
USW00023234,2022-02-06,0.0,194.0,50.0
USW00023234,2022-02-07,0.0,200.0,56.0
USW00023234,2022-02-08,0.0,217.0,67.0
USW00023234,2022-02-09,0.0,228.0,89.0
USW00023234,2022-02-10,0.0,256.0,111.0
USW00023234,2022-02-11,0.0,217.0,106.0
USW00023234,2022-02-12,0.0,228.0,106.0
USW00023234,2022-02-13,0.0,222.0,94.0
USW00023234,2022-02-14,0.0,128.0,94.0
USW00023234,2022-02-15,0.0,156.0,67.0
USW00023234,2022-02-16,0.0,189.0,83.0
USW00023234,2022-02-17,0.0,206.0,89.0
USW00023234,2022-02-18,0.0,178.0,72.0
USW00023234,2022-02-19,0.0,194.0,78.0
USW00023234,2022-02-20,0.0,139.0,78.0
USW00023234,2022-02-21,0.0,133.0,72.0
USW00023234,2022-02-22,3.0,128.0,61.0
USW00023234,2022-02-23,0.0,128.0,33.0
USW00023234,2022-02-24,0.0,133.0,28.0
USW00023234,2022-02-25,0.0,161.0,33.0
USW00023234,2022-02-26,0.0,144.0,39.0
USW00023234,2022-02-27,0.0,194.0,67.0
USW00023234,2022-02-28,0.0,211.0,72.0
USW00023234,2022-03-01,0.0,194.0,89.0
USW00023234,2022-03-02,0.0,206.0,100.0
USW00023234,2022-03-03,30.0,133.0,100.0
USW00023234,2022-03-04,23.0,139.0,78.0
USW00023234,2022-03-05,0.0,139.0,72.0
USW00023234,2022-03-06,0.0,156.0,61.0
USW00023234,2022-03-07,0.0,189.0,50.0
USW00023234,2022-03-08,0.0,228.0,72.0
USW00023234,2022-03-09,0.0,161.0,78.0
USW00023234,2022-03-10,0.0,189.0,78.0
USW00023234,2022-03-11,0.0,211.0,56.0
USW00023234,2022-03-12,0.0,167.0,56.0
USW00023234,2022-03-13,0.0,172.0,106.0
USW00023234,2022-03-14,0.0,206.0,72.0
USW00023234,2022-03-15,5.0,189.0,106.0
USW00023234,2022-03-16,0.0,172.0,94.0
USW00023234,2022-03-17,0.0,161.0,100.0
USW00023234,2022-03-18,0.0,194.0,78.0
USW00023234,2022-03-19,18.0,144.0,100.0
USW00023234,2022-03-20,0.0,161.0,83.0
USW00023234,2022-03-21,0.0,183.0,94.0
USW00023234,2022-03-22,0.0,278.0,106.0
USW00023234,2022-03-23,0.0,156.0,100.0
USW00023234,2022-03-24,0.0,150.0,89.0
USW00023234,2022-03-25,0.0,150.0,89.0
USW00023234,2022-03-26,0.0,189.0,89.0
USW00023234,2022-03-27,36.0,183.0,100.0
USW00023234,2022-03-28,0.0,172.0,111.0
USW00023234,2022-03-29,0.0,139.0,111.0
USW00023234,2022-03-30,0.0,144.0,100.0
USW00023234,2022-03-31,0.0,172.0,89.0
USW00023234,2022-04-01,0.0,194.0,83.0
USW00023234,2022-04-02,0.0,228.0,89.0
USW00023234,2022-04-03,0.0,172.0,94.0
USW00023234,2022-04-04,0.0,178.0,106.0
USW00023234,2022-04-05,0.0,194.0,100.0
USW00023234,2022-04-06,0.0,283.0,94.0
USW00023234,2022-04-07,0.0,317.0,133.0
USW00023234,2022-04-08,0.0,206.0,106.0
USW00023234,2022-04-09,0.0,183.0,94.0
USW00023234,2022-04-10,0.0,172.0,100.0
USW00023234,2022-04-11,30.0,139.0,83.0
USW00023234,2022-04-12,0.0,144.0,78.0
USW00023234,2022-04-13,0.0,161.0,72.0
USW00023234,2022-04-14,5.0,161.0,100.0
USW00023234,2022-04-15,0.0,178.0,83.0
USW00023234,2022-04-16,102.0,167.0,83.0
USW00023234,2022-04-17,0.0,150.0,78.0
USW00023234,2022-04-18,0.0,200.0,72.0
USW00023234,2022-04-19,23.0,183.0,111.0
USW00023234,2022-04-20,43.0,200.0,111.0
USW00023234,2022-04-21,43.0,178.0,122.0
USW00023234,2022-04-22,0.0,167.0,106.0
USW00023234,2022-04-23,0.0,211.0,106.0
USW00023234,2022-04-24,0.0,194.0,106.0
USW00023234,2022-04-25,0.0,200.0,100.0
USW00023234,2022-04-26,0.0,167.0,100.0
USW00023234,2022-04-27,0.0,156.0,100.0
USW00023234,2022-04-28,0.0,156.0,100.0
USW00023234,2022-04-29,0.0,189.0,83.0
USW00023234,2022-04-30,0.0,178.0,106.0
USW00023234,2022-05-01,0.0,194.0,94.0
USW00023234,2022-05-02,0.0,167.0,106.0
USW00023234,2022-05-03,0.0,217.0,89.0
USW00023234,2022-05-04,0.0,222.0,100.0
USW00023234,2022-05-05,0.0,183.0,106.0
USW00023234,2022-05-06,0.0,211.0,133.0
USW00023234,2022-05-07,0.0,172.0,106.0
USW00023234,2022-05-08,0.0,161.0,100.0
USW00023234,2022-05-09,0.0,161.0,89.0
USW00023234,2022-05-10,0.0,156.0,94.0
USW00023234,2022-05-11,0.0,167.0,83.0
USW00023234,2022-05-12,0.0,178.0,100.0
USW00023234,2022-05-13,0.0,206.0,117.0
USW00023234,2022-05-14,0.0,217.0,111.0
USW00023234,2022-05-15,0.0,178.0,111.0
USW00023234,2022-05-16,0.0,172.0,128.0
USW00023234,2022-05-17,0.0,189.0,106.0
USW00023234,2022-05-18,0.0,250.0,100.0
USW00023234,2022-05-19,0.0,200.0,117.0
USW00023234,2022-05-20,0.0,228.0,100.0
USW00023234,2022-05-21,0.0,222.0,100.0
USW00023234,2022-05-22,0.0,200.0,106.0
USW00023234,2022-05-23,0.0,206.0,111.0
USW00023234,2022-05-24,0.0,306.0,117.0
USW00023234,2022-05-25,0.0,272.0,139.0
USW00023234,2022-05-26,0.0,206.0,128.0
USW00023234,2022-05-27,0.0,211.0,133.0
USW00023234,2022-05-28,0.0,222.0,122.0
USW00023234,2022-05-29,0.0,194.0,117.0
USW00023234,2022-05-30,0.0,194.0,100.0
USW00023234,2022-05-31,0.0,244.0,100.0
USW00023234,2022-06-01,0.0,222.0,106.0
USW00023234,2022-06-02,0.0,217.0,111.0
USW00023234,2022-06-03,0.0,217.0,133.0
USW00023234,2022-06-04,5.0,217.0,139.0
USW00023234,2022-06-05,8.0,244.0,139.0
USW00023234,2022-06-06,0.0,200.0,128.0
USW00023234,2022-06-07,0.0,194.0,122.0
USW00023234,2022-06-08,0.0,206.0,128.0
USW00023234,2022-06-09,0.0,261.0,128.0
USW00023234,2022-06-10,0.0,328.0,156.0
USW00023234,2022-06-11,0.0,261.0,156.0
USW00023234,2022-06-12,0.0,228.0,122.0
USW00023234,2022-06-13,0.0,211.0,122.0
USW00023234,2022-06-14,0.0,250.0,122.0
USW00023234,2022-06-15,0.0,206.0,122.0
USW00023234,2022-06-16,0.0,194.0,122.0
USW00023234,2022-06-17,0.0,194.0,133.0
USW00023234,2022-06-18,0.0,194.0,128.0
USW00023234,2022-06-19,0.0,256.0,117.0
USW00023234,2022-06-20,0.0,267.0,117.0
USW00023234,2022-06-21,0.0,367.0,161.0
USW00023234,2022-06-22,0.0,283.0,150.0
USW00023234,2022-06-23,0.0,233.0,133.0
USW00023234,2022-06-24,0.0,239.0,122.0
USW00023234,2022-06-25,0.0,206.0,128.0
USW00023234,2022-06-26,0.0,200.0,122.0
USW00023234,2022-06-27,0.0,206.0,128.0
USW00023234,2022-06-28,0.0,211.0,122.0
USW00023234,2022-06-29,0.0,194.0,128.0
USW00023234,2022-06-30,0.0,167.0,128.0
USW00023234,2022-07-01,0.0,194.0,128.0
USW00023234,2022-07-02,0.0,178.0,128.0
USW00023234,2022-07-03,0.0,183.0,133.0
USW00023234,2022-07-04,0.0,261.0,144.0
USW00023234,2022-07-05,0.0,233.0,183.0
USW00023234,2022-07-06,0.0,228.0,161.0
USW00023234,2022-07-07,0.0,211.0,139.0
USW00023234,2022-07-08,0.0,211.0,139.0
USW00023234,2022-07-09,0.0,211.0,139.0
USW00023234,2022-07-10,0.0,272.0,139.0
USW00023234,2022-07-11,0.0,217.0,144.0
USW00023234,2022-07-12,0.0,250.0,139.0
USW00023234,2022-07-13,0.0,222.0,144.0
USW00023234,2022-07-14,0.0,206.0,139.0
USW00023234,2022-07-15,0.0,194.0,128.0
USW00023234,2022-07-16,0.0,228.0,117.0
USW00023234,2022-07-17,0.0,200.0,133.0
USW00023234,2022-07-18,0.0,217.0,139.0
USW00023234,2022-07-19,0.0,194.0,122.0
USW00023234,2022-07-20,0.0,194.0,122.0
USW00023234,2022-07-21,0.0,183.0,117.0
USW00023234,2022-07-22,0.0,211.0,128.0
USW00023234,2022-07-23,0.0,200.0,122.0
USW00023234,2022-07-24,0.0,217.0,117.0
USW00023234,2022-07-25,0.0,217.0,128.0
USW00023234,2022-07-26,0.0,228.0,144.0
USW00023234,2022-07-27,0.0,206.0,139.0
USW00023234,2022-07-28,0.0,206.0,133.0
USW00023234,2022-07-29,0.0,217.0,150.0
USW00023234,2022-07-30,0.0,211.0,156.0
USW00023234,2022-07-31,0.0,222.0,156.0
USW00023234,2022-08-01,3.0,233.0,150.0
USW00023234,2022-08-02,0.0,228.0,156.0
USW00023234,2022-08-03,0.0,217.0,150.0
USW00023234,2022-08-04,0.0,283.0,156.0
USW00023234,2022-08-05,0.0,250.0,167.0
USW00023234,2022-08-06,0.0,233.0,167.0
USW00023234,2022-08-07,0.0,222.0,167.0
USW00023234,2022-08-08,0.0,233.0,167.0
USW00023234,2022-08-09,0.0,239.0,172.0
USW00023234,2022-08-10,0.0,250.0,172.0
USW00023234,2022-08-11,0.0,233.0,167.0
USW00023234,2022-08-12,0.0,222.0,156.0
USW00023234,2022-08-13,0.0,233.0,150.0
USW00023234,2022-08-14,0.0,250.0,139.0
USW00023234,2022-08-15,0.0,244.0,139.0
USW00023234,2022-08-16,0.0,283.0,139.0
USW00023234,2022-08-17,0.0,239.0,144.0
USW00023234,2022-08-18,0.0,217.0,128.0
USW00023234,2022-08-19,0.0,211.0,144.0
USW00023234,2022-08-20,0.0,250.0,144.0
USW00023234,2022-08-21,0.0,256.0,139.0
USW00023234,2022-08-22,0.0,250.0,139.0
USW00023234,2022-08-23,0.0,244.0,150.0
USW00023234,2022-08-24,0.0,233.0,139.0
USW00023234,2022-08-25,0.0,244.0,150.0
USW00023234,2022-08-26,0.0,239.0,133.0
USW00023234,2022-08-27,0.0,233.0,133.0
USW00023234,2022-08-28,0.0,239.0,139.0
USW00023234,2022-08-29,0.0,228.0,150.0
USW00023234,2022-08-30,0.0,228.0,150.0
USW00023234,2022-08-31,0.0,217.0,139.0
USW00023234,2022-09-01,0.0,222.0,128.0
USW00023234,2022-09-02,0.0,200.0,128.0
USW00023234,2022-09-03,0.0,244.0,144.0
USW00023234,2022-09-04,0.0,317.0,144.0
USW00023234,2022-09-05,0.0,361.0,178.0
USW00023234,2022-09-06,0.0,350.0,194.0
USW00023234,2022-09-07,0.0,311.0,178.0
USW00023234,2022-09-08,0.0,344.0,178.0
USW00023234,2022-09-09,0.0,250.0,150.0
USW00023234,2022-09-10,0.0,261.0,156.0
USW00023234,2022-09-11,0.0,250.0,178.0
USW00023234,2022-09-12,0.0,217.0,156.0
USW00023234,2022-09-13,0.0,217.0,150.0
USW00023234,2022-09-14,0.0,239.0,161.0
USW00023234,2022-09-15,0.0,206.0,156.0
USW00023234,2022-09-16,0.0,217.0,150.0
USW00023234,2022-09-17,0.0,206.0,139.0
USW00023234,2022-09-18,25.0,211.0,156.0
USW00023234,2022-09-19,3.0,228.0,144.0
USW00023234,2022-09-20,0.0,233.0,144.0
USW00023234,2022-09-21,41.0,233.0,156.0
USW00023234,2022-09-22,0.0,261.0,139.0
USW00023234,2022-09-23,0.0,283.0,144.0
USW00023234,2022-09-24,0.0,289.0,156.0
USW00023234,2022-09-25,0.0,211.0,144.0
USW00023234,2022-09-26,0.0,194.0,139.0
USW00023234,2022-09-27,0.0,194.0,139.0
USW00023234,2022-09-28,0.0,217.0,144.0
USW00023234,2022-09-29,0.0,267.0,139.0
USW00023234,2022-09-30,0.0,278.0,133.0
USW00023234,2022-10-01,0.0,222.0,128.0
USW00023234,2022-10-02,0.0,233.0,161.0
USW00023234,2022-10-03,0.0,217.0,144.0
USW00023234,2022-10-04,0.0,189.0,144.0
USW00023234,2022-10-05,0.0,228.0,128.0
USW00023234,2022-10-06,0.0,206.0,122.0
USW00023234,2022-10-07,0.0,211.0,117.0
USW00023234,2022-10-08,0.0,189.0,122.0
USW00023234,2022-10-09,0.0,172.0,117.0
USW00023234,2022-10-10,0.0,206.0,122.0
USW00023234,2022-10-11,0.0,189.0,111.0
USW00023234,2022-10-12,0.0,200.0,122.0
USW00023234,2022-10-13,0.0,172.0,128.0
USW00023234,2022-10-14,0.0,189.0,122.0
USW00023234,2022-10-15,0.0,200.0,122.0
USW00023234,2022-10-16,0.0,200.0,133.0
USW00023234,2022-10-17,0.0,222.0,117.0
USW00023234,2022-10-18,0.0,256.0,139.0
USW00023234,2022-10-19,0.0,300.0,144.0
USW00023234,2022-10-20,0.0,200.0,122.0
USW00023234,2022-10-21,0.0,194.0,111.0
USW00023234,2022-10-22,3.0,189.0,128.0
USW00023234,2022-10-23,0.0,194.0,106.0
USW00023234,2022-10-24,0.0,233.0,100.0
USW00023234,2022-10-25,0.0,183.0,111.0
USW00023234,2022-10-26,0.0,189.0,89.0
USW00023234,2022-10-27,0.0,211.0,83.0
USW00023234,2022-10-28,0.0,189.0,89.0
USW00023234,2022-10-29,0.0,206.0,83.0
USW00023234,2022-10-30,0.0,189.0,117.0
USW00023234,2022-10-31,0.0,178.0,100.0
USW00023234,2022-11-01,71.0,150.0,106.0
USW00023234,2022-11-02,3.0,156.0,100.0
USW00023234,2022-11-03,0.0,156.0,72.0
USW00023234,2022-11-04,0.0,172.0,78.0
USW00023234,2022-11-05,3.0,178.0,117.0
USW00023234,2022-11-06,8.0,172.0,111.0
USW00023234,2022-11-07,5.0,156.0,100.0
USW00023234,2022-11-08,305.0,128.0,89.0
USW00023234,2022-11-09,3.0,156.0,78.0
USW00023234,2022-11-10,0.0,156.0,67.0
USW00023234,2022-11-11,0.0,156.0,61.0
USW00023234,2022-11-12,5.0,150.0,89.0
USW00023234,2022-11-13,0.0,172.0,72.0
USW00023234,2022-11-14,0.0,161.0,50.0
USW00023234,2022-11-15,0.0,200.0,72.0
USW00023234,2022-11-16,0.0,200.0,67.0
USW00023234,2022-11-17,0.0,167.0,61.0
USW00023234,2022-11-18,0.0,183.0,72.0
USW00023234,2022-11-19,0.0,172.0,83.0
USW00023234,2022-11-20,0.0,172.0,61.0
USW00023234,2022-11-21,0.0,178.0,56.0
USW00023234,2022-11-22,0.0,167.0,61.0
USW00023234,2022-11-23,0.0,194.0,78.0
USW00023234,2022-11-24,0.0,206.0,78.0
USW00023234,2022-11-25,0.0,194.0,72.0
USW00023234,2022-11-26,0.0,172.0,78.0
USW00023234,2022-11-27,0.0,172.0,67.0
USW00023234,2022-11-28,0.0,150.0,78.0
USW00023234,2022-11-29,0.0,144.0,56.0
USW00023234,2022-11-30,0.0,139.0,50.0
USW00023234,2022-12-01,180.0,122.0,67.0
USW00023234,2022-12-02,0.0,117.0,33.0
USW00023234,2022-12-03,160.0,100.0,72.0
USW00023234,2022-12-04,25.0,156.0,78.0
USW00023234,2022-12-05,30.0,156.0,100.0
USW00023234,2022-12-06,0.0,133.0,83.0
USW00023234,2022-12-07,0.0,139.0,56.0
USW00023234,2022-12-08,5.0,133.0,50.0
USW00023234,2022-12-09,0.0,117.0,61.0
USW00023234,2022-12-10,356.0,156.0,89.0
USW00023234,2022-12-11,112.0,122.0,78.0
USW00023234,2022-12-12,3.0,117.0,56.0
USW00023234,2022-12-13,0.0,122.0,33.0
USW00023234,2022-12-14,0.0,117.0,39.0
USW00023234,2022-12-15,0.0,133.0,56.0
USW00023234,2022-12-16,0.0,128.0,33.0
USW00023234,2022-12-17,0.0,133.0,44.0
USW00023234,2022-12-18,0.0,133.0,33.0
USW00023234,2022-12-19,0.0,83.0,56.0
USW00023234,2022-12-20,0.0,117.0,72.0
USW00023234,2022-12-21,0.0,122.0,50.0
USW00023234,2022-12-22,0.0,133.0,83.0
USW00023234,2022-12-23,0.0,133.0,94.0
USW00023234,2022-12-24,0.0,144.0,67.0
USW00023234,2022-12-25,0.0,156.0,78.0
USW00023234,2022-12-26,58.0,144.0,94.0
USW00023234,2022-12-27,345.0,167.0,100.0
USW00023234,2022-12-28,0.0,139.0,72.0
USW00023234,2022-12-29,114.0,144.0,94.0
USW00023234,2022-12-30,132.0,178.0,133.0
USW00023234,2022-12-31,932.0,167.0,117.0
USW00023234,2023-01-01,0.0,172.0,94.0
USW00023234,2023-01-02,135.0,117.0,83.0
USW00023234,2023-01-03,0.0,128.0,89.0
USW00023234,2023-01-04,419.0,167.0,94.0
USW00023234,2023-01-05,109.0,156.0,117.0
USW00023234,2023-01-06,0.0,167.0,100.0
USW00023234,2023-01-07,48.0,167.0,111.0
USW00023234,2023-01-08,193.0,172.0,133.0
USW00023234,2023-01-09,356.0,167.0,111.0
USW00023234,2023-01-10,102.0,150.0,111.0
USW00023234,2023-01-11,135.0,156.0,111.0
USW00023234,2023-01-12,0.0,206.0,128.0
USW00023234,2023-01-13,142.0,172.0,122.0
USW00023234,2023-01-14,249.0,156.0,128.0
USW00023234,2023-01-15,193.0,133.0,94.0
USW00023234,2023-01-16,218.0,133.0,83.0
USW00023234,2023-01-17,0.0,144.0,56.0
USW00023234,2023-01-18,61.0,133.0,61.0
USW00023234,2023-01-19,0.0,128.0,83.0
USW00023234,2023-01-20,0.0,128.0,78.0
USW00023234,2023-01-21,0.0,139.0,44.0
USW00023234,2023-01-22,0.0,156.0,83.0
USW00023234,2023-01-23,0.0,172.0,83.0
USW00023234,2023-01-24,0.0,178.0,67.0
USW00023234,2023-01-25,0.0,206.0,67.0
USW00023234,2023-01-26,0.0,200.0,106.0
USW00023234,2023-01-27,0.0,144.0,72.0
USW00023234,2023-01-28,0.0,139.0,61.0
USW00023234,2023-01-29,5.0,117.0,89.0
USW00023234,2023-01-30,0.0,128.0,50.0
USW00023234,2023-01-31,0.0,156.0,22.0
USW00023234,2023-02-01,0.0,139.0,39.0
USW00023234,2023-02-02,0.0,167.0,44.0
USW00023234,2023-02-03,147.0,144.0,100.0
USW00023234,2023-02-04,163.0,156.0,106.0
USW00023234,2023-02-05,18.0,139.0,89.0
USW00023234,2023-02-06,0.0,150.0,50.0
USW00023234,2023-02-07,0.0,161.0,56.0
USW00023234,2023-02-08,0.0,172.0,61.0
USW00023234,2023-02-09,0.0,178.0,61.0
USW00023234,2023-02-10,0.0,144.0,67.0
USW00023234,2023-02-11,15.0,133.0,67.0
USW00023234,2023-02-12,0.0,178.0,56.0
USW00023234,2023-02-13,0.0,156.0,61.0
USW00023234,2023-02-14,0.0,117.0,67.0
USW00023234,2023-02-15,0.0,150.0,50.0
USW00023234,2023-02-16,0.0,144.0,39.0
USW00023234,2023-02-17,0.0,167.0,56.0
USW00023234,2023-02-18,0.0,156.0,44.0
USW00023234,2023-02-19,0.0,189.0,50.0
USW00023234,2023-02-20,0.0,194.0,72.0
USW00023234,2023-02-21,0.0,133.0,78.0
USW00023234,2023-02-22,10.0,106.0,56.0
USW00023234,2023-02-23,86.0,106.0,39.0
USW00023234,2023-02-24,150.0,106.0,50.0
USW00023234,2023-02-25,0.0,111.0,67.0
USW00023234,2023-02-26,53.0,117.0,67.0
USW00023234,2023-02-27,137.0,111.0,50.0
USW00023234,2023-02-28,84.0,133.0,61.0
USW00023234,2023-03-01,0.0,128.0,39.0
USW00023234,2023-03-02,0.0,139.0,44.0
USW00023234,2023-03-03,0.0,144.0,83.0
USW00023234,2023-03-04,53.0,117.0,83.0
USW00023234,2023-03-05,58.0,122.0,67.0
USW00023234,2023-03-06,51.0,128.0,56.0
USW00023234,2023-03-07,3.0,128.0,56.0
USW00023234,2023-03-08,28.0,133.0,72.0
USW00023234,2023-03-09,183.0,144.0,67.0
USW00023234,2023-03-10,130.0,156.0,100.0
USW00023234,2023-03-11,3.0,172.0,83.0
USW00023234,2023-03-12,145.0,150.0,128.0
USW00023234,2023-03-13,3.0,189.0,128.0
USW00023234,2023-03-14,180.0,178.0,89.0
USW00023234,2023-03-15,0.0,150.0,61.0
USW00023234,2023-03-16,0.0,156.0,72.0
USW00023234,2023-03-17,0.0,178.0,78.0
USW00023234,2023-03-18,10.0,178.0,83.0
USW00023234,2023-03-19,137.0,150.0,106.0
USW00023234,2023-03-20,15.0,139.0,94.0
USW00023234,2023-03-21,284.0,133.0,89.0
USW00023234,2023-03-22,56.0,144.0,94.0
USW00023234,2023-03-23,8.0,139.0,94.0
USW00023234,2023-03-24,0.0,139.0,78.0
USW00023234,2023-03-25,0.0,144.0,56.0
USW00023234,2023-03-26,0.0,144.0,61.0
USW00023234,2023-03-27,0.0,167.0,44.0
USW00023234,2023-03-28,160.0,128.0,83.0
USW00023234,2023-03-29,170.0,117.0,89.0
USW00023234,2023-03-30,0.0,144.0,72.0
USW00023234,2023-03-31,0.0,150.0,67.0
USW00023234,2023-04-01,0.0,167.0,61.0
USW00023234,2023-04-02,0.0,144.0,94.0
USW00023234,2023-04-03,0.0,128.0,78.0
USW00023234,2023-04-04,0.0,144.0,56.0
USW00023234,2023-04-05,0.0,150.0,72.0
USW00023234,2023-04-06,0.0,161.0,83.0
USW00023234,2023-04-07,15.0,161.0,111.0
USW00023234,2023-04-08,0.0,189.0,100.0
USW00023234,2023-04-09,0.0,217.0,94.0
USW00023234,2023-04-10,0.0,200.0,111.0
USW00023234,2023-04-11,0.0,167.0,100.0
USW00023234,2023-04-12,0.0,150.0,89.0
USW00023234,2023-04-13,0.0,167.0,83.0
USW00023234,2023-04-14,0.0,150.0,94.0
USW00023234,2023-04-15,0.0,150.0,94.0
USW00023234,2023-04-16,0.0,156.0,94.0
USW00023234,2023-04-17,10.0,150.0,100.0
USW00023234,2023-04-18,0.0,150.0,83.0
USW00023234,2023-04-19,0.0,161.0,83.0
USW00023234,2023-04-20,0.0,189.0,83.0
USW00023234,2023-04-21,0.0,222.0,106.0
USW00023234,2023-04-22,0.0,206.0,106.0
USW00023234,2023-04-23,0.0,161.0,106.0
USW00023234,2023-04-24,0.0,167.0,100.0
USW00023234,2023-04-25,0.0,250.0,89.0
USW00023234,2023-04-26,0.0,250.0,100.0
USW00023234,2023-04-27,0.0,283.0,100.0
USW00023234,2023-04-28,0.0,194.0,106.0
USW00023234,2023-04-29,0.0,167.0,106.0
USW00023234,2023-04-30,0.0,161.0,106.0
USW00023234,2023-05-01,3.0,150.0,111.0
USW00023234,2023-05-02,122.0,144.0,100.0
USW00023234,2023-05-03,51.0,156.0,106.0
USW00023234,2023-05-04,3.0,156.0,106.0
USW00023234,2023-05-05,0.0,161.0,117.0
USW00023234,2023-05-06,5.0,172.0,117.0
USW00023234,2023-05-07,0.0,183.0,100.0
USW00023234,2023-05-08,0.0,183.0,111.0
USW00023234,2023-05-09,0.0,183.0,117.0
USW00023234,2023-05-10,0.0,167.0,122.0
USW00023234,2023-05-11,0.0,172.0,122.0
USW00023234,2023-05-12,0.0,206.0,117.0
USW00023234,2023-05-13,0.0,278.0,117.0
USW00023234,2023-05-14,0.0,222.0,117.0
USW00023234,2023-05-15,0.0,200.0,128.0
USW00023234,2023-05-16,0.0,222.0,122.0
USW00023234,2023-05-17,0.0,178.0,117.0
USW00023234,2023-05-18,0.0,178.0,122.0
USW00023234,2023-05-19,0.0,178.0,128.0
USW00023234,2023-05-20,0.0,172.0,122.0
USW00023234,2023-05-21,0.0,200.0,122.0
USW00023234,2023-05-22,0.0,217.0,111.0
USW00023234,2023-05-23,0.0,194.0,122.0
USW00023234,2023-05-24,0.0,189.0,122.0
USW00023234,2023-05-25,0.0,183.0,122.0
USW00023234,2023-05-26,0.0,189.0,128.0
USW00023234,2023-05-27,0.0,200.0,122.0
USW00023234,2023-05-28,0.0,161.0,128.0
USW00023234,2023-05-29,0.0,200.0,128.0
USW00023234,2023-05-30,0.0,194.0,133.0
USW00023234,2023-05-31,0.0,183.0,122.0
USW00023234,2023-06-01,0.0,200.0,122.0
USW00023234,2023-06-02,0.0,200.0,111.0
USW00023234,2023-06-03,0.0,217.0,111.0
USW00023234,2023-06-04,0.0,206.0,117.0
USW00023234,2023-06-05,0.0,211.0,122.0
USW00023234,2023-06-06,3.0,206.0,156.0
USW00023234,2023-06-07,0.0,211.0,144.0
USW00023234,2023-06-08,0.0,211.0,139.0
USW00023234,2023-06-09,0.0,189.0,133.0
USW00023234,2023-06-10,0.0,211.0,128.0
USW00023234,2023-06-11,0.0,211.0,128.0
USW00023234,2023-06-12,0.0,211.0,139.0
USW00023234,2023-06-13,0.0,211.0,139.0
USW00023234,2023-06-14,0.0,217.0,139.0
USW00023234,2023-06-15,0.0,239.0,133.0
USW00023234,2023-06-16,0.0,228.0,139.0
USW00023234,2023-06-17,0.0,222.0,144.0
USW00023234,2023-06-18,0.0,206.0,139.0
USW00023234,2023-06-19,0.0,189.0,128.0
USW00023234,2023-06-20,0.0,206.0,117.0
USW00023234,2023-06-21,0.0,200.0,117.0
USW00023234,2023-06-22,0.0,206.0,122.0
USW00023234,2023-06-23,0.0,200.0,144.0
USW00023234,2023-06-24,0.0,194.0,139.0
USW00023234,2023-06-25,0.0,183.0,128.0
USW00023234,2023-06-26,0.0,183.0,128.0
USW00023234,2023-06-27,0.0,183.0,122.0
USW00023234,2023-06-28,0.0,183.0,122.0
USW00023234,2023-06-29,0.0,217.0,122.0
USW00023234,2023-06-30,0.0,217.0,122.0
USW00023234,2023-07-01,0.0,272.0,122.0
USW00023234,2023-07-02,0.0,272.0,156.0
USW00023234,2023-07-03,0.0,228.0,144.0
USW00023234,2023-07-04,0.0,217.0,133.0
USW00023234,2023-07-05,0.0,228.0,133.0
USW00023234,2023-07-06,0.0,200.0,144.0
USW00023234,2023-07-07,0.0,172.0,128.0
USW00023234,2023-07-08,0.0,189.0,128.0
USW00023234,2023-07-09,0.0,178.0,128.0
USW00023234,2023-07-10,0.0,189.0,122.0
USW00023234,2023-07-11,0.0,217.0,122.0
USW00023234,2023-07-12,0.0,189.0,128.0
USW00023234,2023-07-13,0.0,228.0,122.0
USW00023234,2023-07-14,0.0,244.0,128.0
USW00023234,2023-07-15,0.0,261.0,133.0
USW00023234,2023-07-16,0.0,239.0,139.0
USW00023234,2023-07-17,0.0,239.0,156.0
USW00023234,2023-07-18,0.0,211.0,139.0
USW00023234,2023-07-19,0.0,211.0,139.0
USW00023234,2023-07-20,0.0,228.0,128.0
USW00023234,2023-07-21,0.0,228.0,133.0
USW00023234,2023-07-22,0.0,261.0,128.0
USW00023234,2023-07-23,0.0,211.0,156.0
USW00023234,2023-07-24,0.0,211.0,133.0
USW00023234,2023-07-25,0.0,244.0,139.0
USW00023234,2023-07-26,0.0,211.0,144.0
USW00023234,2023-07-27,0.0,206.0,139.0
USW00023234,2023-07-28,0.0,222.0,133.0
USW00023234,2023-07-29,0.0,217.0,133.0
USW00023234,2023-07-30,0.0,233.0,133.0
USW00023234,2023-07-31,0.0,211.0,139.0
USW00023234,2023-08-01,0.0,222.0,144.0
USW00023234,2023-08-02,0.0,194.0,144.0
USW00023234,2023-08-03,0.0,194.0,144.0
USW00023234,2023-08-04,0.0,217.0,144.0
USW00023234,2023-08-05,0.0,239.0,139.0
USW00023234,2023-08-06,0.0,250.0,139.0
USW00023234,2023-08-07,0.0,267.0,150.0
USW00023234,2023-08-08,0.0,239.0,139.0
USW00023234,2023-08-09,0.0,239.0,144.0
USW00023234,2023-08-10,0.0,272.0,150.0
USW00023234,2023-08-11,0.0,256.0,167.0
USW00023234,2023-08-12,0.0,239.0,150.0
USW00023234,2023-08-13,0.0,256.0,144.0
USW00023234,2023-08-14,0.0,233.0,156.0
USW00023234,2023-08-15,0.0,267.0,150.0
USW00023234,2023-08-16,0.0,250.0,156.0
USW00023234,2023-08-17,0.0,239.0,156.0
USW00023234,2023-08-18,0.0,267.0,172.0
USW00023234,2023-08-19,0.0,250.0,167.0
USW00023234,2023-08-20,0.0,317.0,161.0
USW00023234,2023-08-21,8.0,239.0,172.0
USW00023234,2023-08-22,0.0,256.0,178.0
USW00023234,2023-08-23,0.0,317.0,172.0
USW00023234,2023-08-24,0.0,278.0,178.0
USW00023234,2023-08-25,0.0,222.0,161.0
USW00023234,2023-08-26,0.0,206.0,150.0
USW00023234,2023-08-27,0.0,211.0,144.0
USW00023234,2023-08-28,0.0,233.0,150.0
USW00023234,2023-08-29,0.0,244.0,144.0
USW00023234,2023-08-30,0.0,328.0,161.0
USW00023234,2023-08-31,0.0,244.0,150.0
USW00023234,2023-09-01,0.0,217.0,156.0
USW00023234,2023-09-02,0.0,233.0,172.0
USW00023234,2023-09-03,0.0,239.0,161.0
USW00023234,2023-09-04,0.0,211.0,150.0
USW00023234,2023-09-05,0.0,239.0,144.0
USW00023234,2023-09-06,0.0,244.0,139.0
USW00023234,2023-09-07,0.0,217.0,144.0
USW00023234,2023-09-08,0.0,244.0,139.0
USW00023234,2023-09-09,0.0,233.0,139.0
USW00023234,2023-09-10,0.0,233.0,128.0
USW00023234,2023-09-11,0.0,222.0,150.0
USW00023234,2023-09-12,0.0,233.0,156.0
USW00023234,2023-09-13,0.0,233.0,144.0
USW00023234,2023-09-14,0.0,233.0,144.0
USW00023234,2023-09-15,0.0,228.0,161.0
USW00023234,2023-09-16,0.0,228.0,172.0
USW00023234,2023-09-17,0.0,239.0,161.0
USW00023234,2023-09-18,0.0,233.0,161.0
USW00023234,2023-09-19,0.0,228.0,156.0
USW00023234,2023-09-20,0.0,228.0,144.0
USW00023234,2023-09-21,0.0,233.0,139.0
USW00023234,2023-09-22,0.0,211.0,139.0
USW00023234,2023-09-23,0.0,211.0,128.0
USW00023234,2023-09-24,0.0,228.0,128.0
USW00023234,2023-09-25,0.0,250.0,150.0
USW00023234,2023-09-26,3.0,250.0,172.0
USW00023234,2023-09-27,0.0,244.0,161.0
USW00023234,2023-09-28,0.0,233.0,144.0
USW00023234,2023-09-29,0.0,211.0,156.0
USW00023234,2023-09-30,5.0,194.0,144.0
USW00023234,2023-10-01,0.0,233.0,139.0
USW00023234,2023-10-02,0.0,233.0,128.0
USW00023234,2023-10-03,0.0,239.0,128.0
USW00023234,2023-10-04,0.0,322.0,161.0
USW00023234,2023-10-05,0.0,333.0,183.0
USW00023234,2023-10-06,0.0,333.0,189.0
USW00023234,2023-10-07,0.0,328.0,172.0
USW00023234,2023-10-08,0.0,206.0,144.0
USW00023234,2023-10-09,0.0,233.0,139.0
USW00023234,2023-10-10,0.0,228.0,156.0
USW00023234,2023-10-11,0.0,217.0,150.0
USW00023234,2023-10-12,0.0,250.0,128.0
USW00023234,2023-10-13,0.0,233.0,128.0
USW00023234,2023-10-14,0.0,233.0,161.0
USW00023234,2023-10-15,0.0,250.0,139.0
USW00023234,2023-10-16,0.0,244.0,133.0
USW00023234,2023-10-17,0.0,250.0,150.0
USW00023234,2023-10-18,0.0,300.0,144.0
USW00023234,2023-10-19,0.0,311.0,161.0
USW00023234,2023-10-20,0.0,228.0,156.0
USW00023234,2023-10-21,0.0,222.0,139.0
USW00023234,2023-10-22,0.0,211.0,167.0
USW00023234,2023-10-23,0.0,222.0,156.0
USW00023234,2023-10-24,0.0,217.0,139.0
USW00023234,2023-10-25,0.0,200.0,144.0
USW00023234,2023-10-26,0.0,194.0,100.0
USW00023234,2023-10-27,0.0,183.0,100.0
USW00023234,2023-10-28,0.0,211.0,94.0
USW00023234,2023-10-29,0.0,233.0,100.0
USW00023234,2023-10-30,0.0,233.0,100.0
USW00023234,2023-10-31,0.0,233.0,100.0
USW00023234,2023-11-01,0.0,228.0,100.0
USW00023234,2023-11-02,0.0,244.0,122.0
USW00023234,2023-11-03,0.0,261.0,144.0
USW00023234,2023-11-04,0.0,239.0,150.0
USW00023234,2023-11-05,10.0,222.0,150.0
USW00023234,2023-11-06,3.0,211.0,156.0
USW00023234,2023-11-07,0.0,189.0,139.0
USW00023234,2023-11-08,0.0,239.0,100.0
USW00023234,2023-11-09,0.0,189.0,89.0
USW00023234,2023-11-10,0.0,217.0,94.0
USW00023234,2023-11-11,0.0,217.0,106.0
USW00023234,2023-11-12,0.0,211.0,106.0
USW00023234,2023-11-13,0.0,194.0,111.0
USW00023234,2023-11-14,8.0,228.0,133.0
USW00023234,2023-11-15,15.0,200.0,144.0
USW00023234,2023-11-16,51.0,206.0,144.0
USW00023234,2023-11-17,74.0,183.0,139.0
USW00023234,2023-11-18,122.0,183.0,133.0
USW00023234,2023-11-19,0.0,172.0,106.0
USW00023234,2023-11-20,0.0,206.0,111.0
USW00023234,2023-11-21,0.0,178.0,89.0
USW00023234,2023-11-22,0.0,194.0,89.0
USW00023234,2023-11-23,0.0,211.0,111.0
USW00023234,2023-11-24,0.0,172.0,111.0
USW00023234,2023-11-25,0.0,178.0,83.0
USW00023234,2023-11-26,0.0,167.0,78.0
USW00023234,2023-11-27,0.0,183.0,72.0
USW00023234,2023-11-28,20.0,167.0,72.0
USW00023234,2023-11-29,58.0,172.0,117.0
USW00023234,2023-11-30,0.0,172.0,117.0
USW00023234,2023-12-01,0.0,167.0,94.0
USW00023234,2023-12-02,10.0,178.0,128.0
USW00023234,2023-12-03,0.0,183.0,133.0
USW00023234,2023-12-04,0.0,172.0,106.0
USW00023234,2023-12-05,0.0,189.0,111.0
USW00023234,2023-12-06,28.0,178.0,94.0
USW00023234,2023-12-07,3.0,172.0,94.0
USW00023234,2023-12-08,0.0,150.0,67.0
USW00023234,2023-12-09,0.0,161.0,61.0
USW00023234,2023-12-10,0.0,150.0,72.0
USW00023234,2023-12-11,0.0,172.0,67.0
USW00023234,2023-12-12,0.0,161.0,106.0
USW00023234,2023-12-13,0.0,172.0,83.0
USW00023234,2023-12-14,0.0,156.0,78.0
USW00023234,2023-12-15,0.0,172.0,89.0
USW00023234,2023-12-16,0.0,178.0,78.0
USW00023234,2023-12-17,18.0,150.0,106.0
USW00023234,2023-12-18,203.0,178.0,117.0
USW00023234,2023-12-19,48.0,183.0,150.0
USW00023234,2023-12-20,330.0,156.0,128.0
USW00023234,2023-12-21,0.0,167.0,117.0
USW00023234,2023-12-22,0.0,172.0,117.0
USW00023234,2023-12-23,0.0,167.0,83.0
USW00023234,2023-12-24,0.0,139.0,67.0
USW00023234,2023-12-25,0.0,156.0,72.0
USW00023234,2023-12-26,0.0,144.0,89.0
USW00023234,2023-12-27,53.0,161.0,117.0
USW00023234,2023-12-28,3.0,172.0,133.0
USW00023234,2023-12-29,249.0,183.0,133.0
USW00023234,2023-12-30,48.0,167.0,111.0
USW00023234,2023-12-31,0.0,144.0,94.0
USW00023234,2024-01-01,0.0,156.0,89.0
USW00023234,2024-01-02,66.0,178.0,83.0
USW00023234,2024-01-03,46.0,150.0,94.0
USW00023234,2024-01-04,0.0,161.0,83.0
USW00023234,2024-01-05,0.0,167.0,100.0
USW00023234,2024-01-06,36.0,139.0,72.0
USW00023234,2024-01-07,0.0,133.0,39.0
USW00023234,2024-01-08,0.0,128.0,44.0
USW00023234,2024-01-09,18.0,144.0,94.0
USW00023234,2024-01-10,51.0,139.0,67.0
USW00023234,2024-01-11,0.0,122.0,56.0
USW00023234,2024-01-12,0.0,122.0,56.0
USW00023234,2024-01-13,150.0,139.0,83.0
USW00023234,2024-01-14,10.0,150.0,100.0
USW00023234,2024-01-15,0.0,150.0,100.0
USW00023234,2024-01-16,135.0,139.0,89.0
USW00023234,2024-01-17,0.0,156.0,94.0
USW00023234,2024-01-18,0.0,156.0,83.0
USW00023234,2024-01-19,61.0,144.0,100.0
USW00023234,2024-01-20,43.0,150.0,122.0
USW00023234,2024-01-21,102.0,167.0,117.0
USW00023234,2024-01-22,147.0,161.0,122.0
USW00023234,2024-01-23,0.0,150.0,117.0
USW00023234,2024-01-24,127.0,156.0,111.0
USW00023234,2024-01-25,0.0,161.0,94.0
USW00023234,2024-01-26,0.0,156.0,106.0
USW00023234,2024-01-27,0.0,156.0,106.0
USW00023234,2024-01-28,0.0,189.0,117.0
USW00023234,2024-01-29,0.0,189.0,94.0
USW00023234,2024-01-30,0.0,178.0,122.0
USW00023234,2024-01-31,290.0,161.0,117.0
USW00023234,2024-02-01,104.0,150.0,106.0
USW00023234,2024-02-02,33.0,144.0,89.0
USW00023234,2024-02-03,145.0,128.0,89.0
USW00023234,2024-02-04,297.0,167.0,94.0
USW00023234,2024-02-05,18.0,156.0,106.0
USW00023234,2024-02-06,0.0,144.0,67.0
USW00023234,2024-02-07,86.0,122.0,94.0
USW00023234,2024-02-08,0.0,133.0,44.0
USW00023234,2024-02-09,0.0,139.0,50.0
USW00023234,2024-02-10,0.0,161.0,72.0
USW00023234,2024-02-11,0.0,150.0,67.0
USW00023234,2024-02-12,0.0,150.0,78.0
USW00023234,2024-02-13,0.0,139.0,83.0
USW00023234,2024-02-14,28.0,150.0,94.0
USW00023234,2024-02-15,0.0,161.0,89.0
USW00023234,2024-02-16,0.0,144.0,94.0
USW00023234,2024-02-17,97.0,144.0,106.0
USW00023234,2024-02-18,81.0,189.0,83.0
USW00023234,2024-02-19,58.0,178.0,122.0
USW00023234,2024-02-20,140.0,144.0,100.0
USW00023234,2024-02-21,0.0,150.0,67.0
USW00023234,2024-02-22,0.0,150.0,89.0
USW00023234,2024-02-23,0.0,183.0,78.0
USW00023234,2024-02-24,0.0,206.0,89.0
USW00023234,2024-02-25,0.0,183.0,94.0
USW00023234,2024-02-26,3.0,167.0,111.0
USW00023234,2024-02-27,0.0,167.0,83.0
USW00023234,2024-02-28,0.0,183.0,67.0
USW00023234,2024-02-29,79.0,144.0,100.0
USW00023234,2024-03-01,249.0,144.0,94.0
USW00023234,2024-03-02,79.0,128.0,72.0
USW00023234,2024-03-03,46.0,122.0,78.0
USW00023234,2024-03-04,5.0,139.0,78.0
USW00023234,2024-03-05,0.0,156.0,94.0
USW00023234,2024-03-06,86.0,150.0,106.0
USW00023234,2024-03-07,0.0,156.0,94.0
USW00023234,2024-03-08,0.0,183.0,67.0
USW00023234,2024-03-09,0.0,161.0,94.0
USW00023234,2024-03-10,15.0,167.0,83.0
USW00023234,2024-03-11,20.0,150.0,89.0
USW00023234,2024-03-12,25.0,161.0,106.0
USW00023234,2024-03-13,0.0,167.0,83.0
USW00023234,2024-03-14,0.0,189.0,139.0
USW00023234,2024-03-15,0.0,228.0,144.0
USW00023234,2024-03-16,0.0,217.0,122.0
USW00023234,2024-03-17,0.0,183.0,100.0
USW00023234,2024-03-18,0.0,178.0,106.0
USW00023234,2024-03-19,0.0,167.0,111.0
USW00023234,2024-03-20,0.0,178.0,94.0
USW00023234,2024-03-21,0.0,194.0,111.0
USW00023234,2024-03-22,41.0,194.0,111.0
USW00023234,2024-03-23,30.0,156.0,100.0
USW00023234,2024-03-24,33.0,156.0,100.0
USW00023234,2024-03-25,0.0,150.0,111.0
USW00023234,2024-03-26,0.0,156.0,106.0
USW00023234,2024-03-27,41.0,144.0,89.0
USW00023234,2024-03-28,41.0,161.0,100.0
USW00023234,2024-03-29,147.0,122.0,94.0
USW00023234,2024-03-30,15.0,172.0,89.0
USW00023234,2024-03-31,0.0,183.0,100.0
USW00023234,2024-04-01,0.0,217.0,89.0
USW00023234,2024-04-02,0.0,194.0,100.0
USW00023234,2024-04-03,0.0,150.0,106.0
USW00023234,2024-04-04,127.0,128.0,67.0
USW00023234,2024-04-05,0.0,139.0,67.0
USW00023234,2024-04-06,0.0,150.0,83.0
USW00023234,2024-04-07,0.0,156.0,83.0
USW00023234,2024-04-08,0.0,189.0,83.0
USW00023234,2024-04-09,0.0,217.0,89.0
USW00023234,2024-04-10,0.0,222.0,94.0
USW00023234,2024-04-11,0.0,217.0,106.0
USW00023234,2024-04-12,0.0,161.0,106.0
USW00023234,2024-04-13,56.0,133.0,89.0
USW00023234,2024-04-14,13.0,161.0,94.0
USW00023234,2024-04-15,0.0,183.0,100.0
USW00023234,2024-04-16,0.0,222.0,100.0
USW00023234,2024-04-17,0.0,244.0,111.0
USW00023234,2024-04-18,0.0,217.0,111.0
USW00023234,2024-04-19,0.0,183.0,100.0
USW00023234,2024-04-20,0.0,194.0,106.0
USW00023234,2024-04-21,0.0,222.0,117.0
USW00023234,2024-04-22,0.0,222.0,122.0
USW00023234,2024-04-23,0.0,167.0,133.0
USW00023234,2024-04-24,0.0,167.0,122.0
USW00023234,2024-04-25,0.0,172.0,122.0
USW00023234,2024-04-26,0.0,172.0,117.0
USW00023234,2024-04-27,0.0,183.0,106.0
USW00023234,2024-04-28,0.0,178.0,111.0
USW00023234,2024-04-29,0.0,189.0,106.0
USW00023234,2024-04-30,0.0,183.0,94.0
USW00023234,2024-05-01,0.0,222.0,94.0
USW00023234,2024-05-02,0.0,194.0,111.0
USW00023234,2024-05-03,0.0,206.0,106.0
USW00023234,2024-05-04,241.0,139.0,100.0
USW00023234,2024-05-05,0.0,156.0,89.0
USW00023234,2024-05-06,0.0,200.0,94.0
USW00023234,2024-05-07,0.0,172.0,106.0
USW00023234,2024-05-08,0.0,244.0,111.0
USW00023234,2024-05-09,0.0,289.0,156.0
USW00023234,2024-05-10,0.0,267.0,133.0
USW00023234,2024-05-11,0.0,211.0,122.0
USW00023234,2024-05-12,0.0,178.0,111.0
USW00023234,2024-05-13,0.0,183.0,111.0
USW00023234,2024-05-14,0.0,194.0,111.0
USW00023234,2024-05-15,0.0,200.0,117.0
USW00023234,2024-05-16,0.0,211.0,122.0
USW00023234,2024-05-17,0.0,211.0,122.0
USW00023234,2024-05-18,0.0,206.0,122.0
USW00023234,2024-05-19,0.0,206.0,111.0
USW00023234,2024-05-20,0.0,222.0,111.0
USW00023234,2024-05-21,0.0,250.0,111.0
USW00023234,2024-05-22,0.0,200.0,122.0
USW00023234,2024-05-23,0.0,189.0,111.0
USW00023234,2024-05-24,0.0,150.0,111.0
USW00023234,2024-05-25,0.0,167.0,117.0
USW00023234,2024-05-26,0.0,211.0,106.0
USW00023234,2024-05-27,0.0,183.0,111.0
USW00023234,2024-05-28,0.0,200.0,117.0
USW00023234,2024-05-29,0.0,250.0,117.0
USW00023234,2024-05-30,0.0,244.0,117.0
USW00023234,2024-05-31,0.0,228.0,128.0
USW00023234,2024-06-01,0.0,183.0,122.0
USW00023234,2024-06-02,0.0,206.0,122.0
USW00023234,2024-06-03,0.0,206.0,122.0
USW00023234,2024-06-04,0.0,256.0,117.0
USW00023234,2024-06-05,0.0,267.0,128.0
USW00023234,2024-06-06,0.0,183.0,117.0
USW00023234,2024-06-07,0.0,217.0,117.0
USW00023234,2024-06-08,0.0,200.0,122.0
USW00023234,2024-06-09,0.0,183.0,122.0
USW00023234,2024-06-10,0.0,200.0,111.0
USW00023234,2024-06-11,0.0,272.0,111.0
USW00023234,2024-06-12,0.0,217.0,117.0
USW00023234,2024-06-13,0.0,194.0,117.0
USW00023234,2024-06-14,0.0,194.0,111.0
USW00023234,2024-06-15,0.0,206.0,111.0
USW00023234,2024-06-16,0.0,200.0,106.0
USW00023234,2024-06-17,0.0,233.0,106.0
USW00023234,2024-06-18,0.0,222.0,117.0
USW00023234,2024-06-19,0.0,172.0,106.0
USW00023234,2024-06-20,0.0,172.0,106.0
USW00023234,2024-06-21,0.0,189.0,106.0
USW00023234,2024-06-22,0.0,206.0,100.0
USW00023234,2024-06-23,0.0,194.0,122.0
USW00023234,2024-06-24,0.0,233.0,111.0
USW00023234,2024-06-25,0.0,222.0,117.0
USW00023234,2024-06-26,0.0,183.0,117.0
USW00023234,2024-06-27,0.0,189.0,111.0
USW00023234,2024-06-28,0.0,228.0,111.0
USW00023234,2024-06-29,0.0,233.0,117.0
USW00023234,2024-06-30,0.0,211.0,122.0
USW00023234,2024-07-01,0.0,233.0,122.0
USW00023234,2024-07-02,0.0,311.0,139.0
USW00023234,2024-07-03,0.0,300.0,167.0
USW00023234,2024-07-04,0.0,306.0,133.0
USW00023234,2024-07-05,0.0,250.0,128.0
USW00023234,2024-07-06,0.0,244.0,133.0
USW00023234,2024-07-07,0.0,222.0,133.0
USW00023234,2024-07-08,0.0,217.0,133.0
USW00023234,2024-07-09,0.0,222.0,144.0
USW00023234,2024-07-10,0.0,233.0,139.0
USW00023234,2024-07-11,0.0,272.0,133.0
USW00023234,2024-07-12,0.0,211.0,122.0
USW00023234,2024-07-13,0.0,222.0,122.0
USW00023234,2024-07-14,0.0,206.0,133.0
USW00023234,2024-07-15,0.0,211.0,133.0
USW00023234,2024-07-16,0.0,211.0,139.0
USW00023234,2024-07-17,0.0,194.0,128.0
USW00023234,2024-07-18,0.0,211.0,128.0
USW00023234,2024-07-19,0.0,272.0,122.0
USW00023234,2024-07-20,0.0,200.0,133.0
USW00023234,2024-07-21,0.0,178.0,128.0
USW00023234,2024-07-22,0.0,239.0,122.0
USW00023234,2024-07-23,0.0,256.0,128.0
USW00023234,2024-07-24,0.0,267.0,150.0
USW00023234,2024-07-25,0.0,250.0,139.0
USW00023234,2024-07-26,0.0,189.0,122.0
USW00023234,2024-07-27,0.0,156.0,128.0
USW00023234,2024-07-28,0.0,211.0,128.0
USW00023234,2024-07-29,0.0,189.0,128.0
USW00023234,2024-07-30,0.0,206.0,139.0
USW00023234,2024-07-31,0.0,200.0,128.0
USW00023234,2024-08-01,0.0,200.0,122.0
USW00023234,2024-08-02,0.0,200.0,122.0
USW00023234,2024-08-03,0.0,211.0,122.0
USW00023234,2024-08-04,0.0,178.0,122.0
USW00023234,2024-08-05,0.0,172.0,117.0
USW00023234,2024-08-06,0.0,233.0,117.0
USW00023234,2024-08-07,0.0,222.0,122.0
USW00023234,2024-08-08,0.0,183.0,111.0
USW00023234,2024-08-09,0.0,183.0,106.0
USW00023234,2024-08-10,0.0,178.0,117.0
USW00023234,2024-08-11,0.0,178.0,117.0
USW00023234,2024-08-12,0.0,189.0,117.0
USW00023234,2024-08-13,0.0,206.0,122.0
USW00023234,2024-08-14,0.0,206.0,111.0
USW00023234,2024-08-15,0.0,200.0,117.0
USW00023234,2024-08-16,0.0,222.0,106.0
USW00023234,2024-08-17,0.0,228.0,144.0
USW00023234,2024-08-18,0.0,206.0,133.0
USW00023234,2024-08-19,0.0,211.0,111.0
USW00023234,2024-08-20,0.0,244.0,117.0
USW00023234,2024-08-21,0.0,217.0,133.0
USW00023234,2024-08-22,0.0,200.0,139.0
USW00023234,2024-08-23,0.0,194.0,133.0
USW00023234,2024-08-24,25.0,222.0,144.0
USW00023234,2024-08-25,0.0,256.0,133.0
USW00023234,2024-08-26,0.0,283.0,133.0
USW00023234,2024-08-27,0.0,300.0,128.0
USW00023234,2024-08-28,0.0,217.0,133.0
USW00023234,2024-08-29,0.0,217.0,139.0
USW00023234,2024-08-30,0.0,217.0,144.0
USW00023234,2024-08-31,0.0,200.0,150.0
USW00023234,2024-09-01,0.0,222.0,139.0
USW00023234,2024-09-02,0.0,217.0,144.0
USW00023234,2024-09-03,0.0,289.0,106.0
USW00023234,2024-09-04,0.0,222.0,128.0
USW00023234,2024-09-05,0.0,244.0,117.0
USW00023234,2024-09-06,0.0,211.0,117.0
USW00023234,2024-09-07,0.0,189.0,117.0
USW00023234,2024-09-08,0.0,217.0,106.0
USW00023234,2024-09-09,0.0,206.0,117.0
USW00023234,2024-09-10,0.0,194.0,111.0
USW00023234,2024-09-11,0.0,194.0,117.0
USW00023234,2024-09-12,0.0,228.0,106.0
USW00023234,2024-09-13,0.0,228.0,117.0
USW00023234,2024-09-14,0.0,211.0,
USW00023234,2024-09-15,0.0,178.0,122.0
USW00023234,2024-09-16,0.0,194.0,122.0
USW00023234,2024-09-17,0.0,183.0,122.0
USW00023234,2024-09-18,0.0,217.0,128.0
USW00023234,2024-09-19,0.0,189.0,122.0
USW00023234,2024-09-20,0.0,194.0,128.0
USW00023234,2024-09-21,0.0,211.0,122.0
USW00023234,2024-09-22,0.0,217.0,122.0
USW00023234,2024-09-23,0.0,300.0,117.0
USW00023234,2024-09-24,0.0,261.0,144.0
USW00023234,2024-09-25,0.0,211.0,133.0
USW00023234,2024-09-26,0.0,206.0,133.0
USW00023234,2024-09-27,0.0,300.0,128.0
USW00023234,2024-09-28,0.0,189.0,133.0
USW00023234,2024-09-29,0.0,194.0,133.0
USW00023234,2024-09-30,0.0,306.0,122.0
USW00023234,2024-10-01,0.0,344.0,161.0
USW00023234,2024-10-02,0.0,333.0,183.0
USW00023234,2024-10-03,0.0,311.0,161.0
USW00023234,2024-10-04,0.0,278.0,144.0
USW00023234,2024-10-05,0.0,344.0,167.0
USW00023234,2024-10-06,0.0,367.0,200.0
USW00023234,2024-10-07,0.0,306.0,172.0
USW00023234,2024-10-08,0.0,217.0,139.0
USW00023234,2024-10-09,0.0,183.0,106.0
USW00023234,2024-10-10,0.0,189.0,122.0
USW00023234,2024-10-11,0.0,217.0,111.0
USW00023234,2024-10-12,0.0,222.0,133.0
USW00023234,2024-10-13,0.0,239.0,139.0
USW00023234,2024-10-14,0.0,183.0,133.0
USW00023234,2024-10-15,0.0,222.0,122.0
USW00023234,2024-10-16,0.0,200.0,139.0
USW00023234,2024-10-17,0.0,189.0,128.0
USW00023234,2024-10-18,0.0,228.0,139.0
USW00023234,2024-10-19,0.0,261.0,122.0
USW00023234,2024-10-20,0.0,244.0,111.0
USW00023234,2024-10-21,0.0,200.0,106.0
USW00023234,2024-10-22,0.0,189.0,100.0
USW00023234,2024-10-23,0.0,217.0,94.0
USW00023234,2024-10-24,0.0,239.0,111.0
USW00023234,2024-10-25,0.0,233.0,111.0
USW00023234,2024-10-26,0.0,222.0,100.0
USW00023234,2024-10-27,0.0,206.0,133.0
USW00023234,2024-10-28,0.0,178.0,117.0
USW00023234,2024-10-29,0.0,178.0,89.0
USW00023234,2024-10-30,0.0,172.0,78.0
USW00023234,2024-10-31,3.0,183.0,106.0
USW00023234,2024-11-01,3.0,200.0,94.0
USW00023234,2024-11-02,3.0,178.0,128.0
USW00023234,2024-11-03,0.0,200.0,111.0
USW00023234,2024-11-04,0.0,228.0,111.0
USW00023234,2024-11-05,0.0,217.0,106.0
USW00023234,2024-11-06,0.0,194.0,128.0
USW00023234,2024-11-07,0.0,211.0,106.0
USW00023234,2024-11-08,0.0,211.0,94.0
USW00023234,2024-11-09,0.0,200.0,83.0
USW00023234,2024-11-10,0.0,211.0,89.0
USW00023234,2024-11-11,56.0,172.0,122.0
USW00023234,2024-11-12,0.0,172.0,94.0
USW00023234,2024-11-13,5.0,183.0,78.0
USW00023234,2024-11-14,0.0,172.0,111.0
USW00023234,2024-11-15,0.0,156.0,100.0
USW00023234,2024-11-16,0.0,161.0,67.0
USW00023234,2024-11-17,0.0,156.0,72.0
USW00023234,2024-11-18,0.0,150.0,83.0
USW00023234,2024-11-19,0.0,139.0,67.0
USW00023234,2024-11-20,71.0,178.0,106.0
USW00023234,2024-11-21,127.0,183.0,128.0
USW00023234,2024-11-22,648.0,167.0,128.0
USW00023234,2024-11-23,5.0,156.0,100.0
USW00023234,2024-11-24,0.0,172.0,67.0
USW00023234,2024-11-25,81.0,139.0,111.0
USW00023234,2024-11-26,28.0,144.0,106.0
USW00023234,2024-11-27,0.0,161.0,89.0
USW00023234,2024-11-28,0.0,161.0,61.0
USW00023234,2024-11-29,0.0,150.0,50.0
USW00023234,2024-11-30,0.0,161.0,61.0
USW00023234,2024-12-01,0.0,178.0,106.0
USW00023234,2024-12-02,0.0,178.0,94.0
USW00023234,2024-12-03,0.0,194.0,83.0
USW00023234,2024-12-04,0.0,167.0,83.0
USW00023234,2024-12-05,0.0,172.0,100.0
USW00023234,2024-12-06,0.0,194.0,89.0
USW00023234,2024-12-07,0.0,156.0,89.0
USW00023234,2024-12-08,0.0,189.0,94.0
USW00023234,2024-12-09,0.0,178.0,78.0
USW00023234,2024-12-10,0.0,144.0,78.0
USW00023234,2024-12-11,8.0,144.0,67.0
USW00023234,2024-12-12,196.0,156.0,106.0
USW00023234,2024-12-13,81.0,150.0,111.0
USW00023234,2024-12-14,404.0,144.0,94.0
USW00023234,2024-12-15,0.0,122.0,61.0
USW00023234,2024-12-16,71.0,144.0,72.0
USW00023234,2024-12-17,0.0,133.0,94.0
USW00023234,2024-12-18,0.0,139.0,78.0
USW00023234,2024-12-19,0.0,144.0,72.0
USW00023234,2024-12-20,0.0,133.0,72.0
USW00023234,2024-12-21,28.0,150.0,100.0
USW00023234,2024-12-22,46.0,150.0,122.0
USW00023234,2024-12-23,5.0,178.0,128.0
USW00023234,2024-12-24,112.0,183.0,100.0
USW00023234,2024-12-25,0.0,128.0,72.0
USW00023234,2024-12-26,69.0,167.0,106.0
USW00023234,2024-12-27,53.0,167.0,128.0
USW00023234,2024-12-28,3.0,183.0,133.0
USW00023234,2024-12-29,71.0,167.0,111.0
USW00023234,2024-12-30,0.0,150.0,78.0
USW00023234,2024-12-31,0.0,144.0,61.0
USW00023234,2025-01-01,0.0,128.0,56.0
USW00023234,2025-01-02,0.0,156.0,83.0
USW00023234,2025-01-03,30.0,161.0,100.0
USW00023234,2025-01-04,0.0,128.0,78.0
USW00023234,2025-01-05,0.0,150.0,78.0
USW00023234,2025-01-06,0.0,144.0,83.0
USW00023234,2025-01-07,0.0,183.0,100.0
USW00023234,2025-01-08,0.0,183.0,100.0
USW00023234,2025-01-09,0.0,217.0,72.0
USW00023234,2025-01-10,0.0,183.0,94.0
USW00023234,2025-01-11,0.0,189.0,89.0
USW00023234,2025-01-12,0.0,178.0,100.0
USW00023234,2025-01-13,0.0,161.0,78.0
USW00023234,2025-01-14,0.0,167.0,56.0
USW00023234,2025-01-15,0.0,139.0,56.0
USW00023234,2025-01-16,0.0,156.0,56.0
USW00023234,2025-01-17,0.0,133.0,56.0
USW00023234,2025-01-18,0.0,128.0,83.0
USW00023234,2025-01-19,0.0,122.0,56.0
USW00023234,2025-01-20,0.0,161.0,61.0
USW00023234,2025-01-21,0.0,156.0,44.0
USW00023234,2025-01-22,0.0,167.0,44.0
USW00023234,2025-01-23,0.0,194.0,72.0
USW00023234,2025-01-24,0.0,156.0,61.0
USW00023234,2025-01-25,3.0,144.0,89.0
USW00023234,2025-01-26,0.0,139.0,83.0
USW00023234,2025-01-27,0.0,156.0,39.0
USW00023234,2025-01-28,0.0,144.0,50.0
USW00023234,2025-01-29,0.0,128.0,78.0
USW00023234,2025-01-30,0.0,117.0,89.0
USW00023234,2025-01-31,28.0,133.0,89.0
USW00023234,2025-02-01,43.0,167.0,117.0
USW00023234,2025-02-02,28.0,161.0,139.0
USW00023234,2025-02-03,10.0,167.0,128.0
USW00023234,2025-02-04,445.0,167.0,83.0
USW00023234,2025-02-05,0.0,133.0,56.0
USW00023234,2025-02-06,170.0,172.0,72.0
USW00023234,2025-02-07,15.0,144.0,83.0
USW00023234,2025-02-08,0.0,139.0,56.0
USW00023234,2025-02-09,0.0,139.0,39.0
USW00023234,2025-02-10,0.0,139.0,33.0
USW00023234,2025-02-11,5.0,122.0,44.0
USW00023234,2025-02-12,94.0,117.0,72.0
USW00023234,2025-02-13,483.0,156.0,117.0
USW00023234,2025-02-14,3.0,139.0,89.0
USW00023234,2025-02-15,0.0,139.0,56.0
USW00023234,2025-02-16,0.0,150.0,72.0
USW00023234,2025-02-17,0.0,150.0,89.0
USW00023234,2025-02-18,0.0,150.0,72.0
USW00023234,2025-02-19,5.0,178.0,94.0
USW00023234,2025-02-20,0.0,183.0,72.0
USW00023234,2025-02-21,0.0,189.0,72.0
USW00023234,2025-02-22,0.0,178.0,72.0
USW00023234,2025-02-23,0.0,167.0,94.0
USW00023234,2025-02-24,0.0,178.0,111.0
USW00023234,2025-02-25,0.0,178.0,83.0
USW00023234,2025-02-26,0.0,206.0,72.0
USW00023234,2025-02-27,0.0,217.0,89.0
USW00023234,2025-02-28,0.0,211.0,100.0
USW00023234,2025-03-01,5.0,150.0,89.0
USW00023234,2025-03-02,33.0,139.0,94.0
USW00023234,2025-03-03,0.0,139.0,78.0
USW00023234,2025-03-04,0.0,156.0,94.0
USW00023234,2025-03-05,0.0,133.0,94.0
USW00023234,2025-03-06,10.0,144.0,78.0
USW00023234,2025-03-07,0.0,178.0,72.0
USW00023234,2025-03-08,0.0,172.0,61.0
USW00023234,2025-03-09,0.0,161.0,61.0
USW00023234,2025-03-10,0.0,189.0,72.0
USW00023234,2025-03-11,0.0,178.0,78.0
USW00023234,2025-03-12,130.0,161.0,83.0
USW00023234,2025-03-13,36.0,122.0,72.0
USW00023234,2025-03-14,112.0,144.0,61.0
USW00023234,2025-03-15,0.0,161.0,94.0
USW00023234,2025-03-16,15.0,156.0,83.0
USW00023234,2025-03-17,33.0,144.0,94.0
USW00023234,2025-03-18,0.0,150.0,56.0
USW00023234,2025-03-19,0.0,156.0,56.0
USW00023234,2025-03-20,0.0,156.0,78.0
USW00023234,2025-03-21,0.0,161.0,78.0
USW00023234,2025-03-22,0.0,161.0,106.0
USW00023234,2025-03-23,0.0,189.0,94.0
USW00023234,2025-03-24,0.0,244.0,100.0
USW00023234,2025-03-25,0.0,278.0,122.0
USW00023234,2025-03-26,0.0,172.0,122.0
USW00023234,2025-03-27,20.0,172.0,122.0
USW00023234,2025-03-28,8.0,161.0,106.0
USW00023234,2025-03-29,0.0,150.0,83.0
USW00023234,2025-03-30,3.0,183.0,100.0
USW00023234,2025-03-31,30.0,161.0,94.0
USW00023234,2025-04-01,81.0,139.0,94.0
USW00023234,2025-04-02,0.0,150.0,67.0
USW00023234,2025-04-03,0.0,161.0,67.0
USW00023234,2025-04-04,0.0,211.0,72.0
USW00023234,2025-04-05,0.0,206.0,94.0
USW00023234,2025-04-06,0.0,194.0,89.0
USW00023234,2025-04-07,3.0,178.0,122.0
USW00023234,2025-04-08,0.0,183.0,106.0
USW00023234,2025-04-09,0.0,228.0,100.0
USW00023234,2025-04-10,0.0,194.0,100.0
USW00023234,2025-04-11,0.0,178.0,106.0
USW00023234,2025-04-12,0.0,161.0,94.0
USW00023234,2025-04-13,0.0,256.0,83.0
USW00023234,2025-04-14,0.0,194.0,100.0
USW00023234,2025-04-15,0.0,183.0,106.0
USW00023234,2025-04-16,0.0,167.0,117.0
USW00023234,2025-04-17,0.0,161.0,106.0
USW00023234,2025-04-18,0.0,178.0,106.0
USW00023234,2025-04-19,0.0,183.0,94.0
USW00023234,2025-04-20,0.0,172.0,94.0
USW00023234,2025-04-21,0.0,211.0,89.0
USW00023234,2025-04-22,0.0,200.0,94.0
USW00023234,2025-04-23,0.0,144.0,106.0
USW00023234,2025-04-24,0.0,133.0,106.0
USW00023234,2025-04-25,8.0,156.0,100.0
USW00023234,2025-04-26,3.0,161.0,83.0
USW00023234,2025-04-27,0.0,139.0,100.0
USW00023234,2025-04-28,0.0,178.0,78.0
USW00023234,2025-04-29,0.0,211.0,89.0
USW00023234,2025-04-30,0.0,194.0,106.0
USW00023234,2025-05-01,0.0,183.0,100.0
USW00023234,2025-05-02,3.0,161.0,100.0
USW00023234,2025-05-03,0.0,156.0,100.0
USW00023234,2025-05-04,0.0,183.0,94.0
USW00023234,2025-05-05,0.0,272.0,117.0
USW00023234,2025-05-06,0.0,233.0,122.0
USW00023234,2025-05-07,0.0,189.0,100.0
USW00023234,2025-05-08,0.0,228.0,100.0
USW00023234,2025-05-09,0.0,256.0,106.0
USW00023234,2025-05-10,0.0,200.0,106.0
USW00023234,2025-05-11,0.0,178.0,111.0
USW00023234,2025-05-12,25.0,172.0,111.0
USW00023234,2025-05-13,0.0,189.0,111.0
USW00023234,2025-05-14,0.0,200.0,106.0
USW00023234,2025-05-15,0.0,211.0,106.0
USW00023234,2025-05-16,0.0,200.0,111.0
USW00023234,2025-05-17,0.0,172.0,111.0
USW00023234,2025-05-18,0.0,189.0,100.0
USW00023234,2025-05-19,0.0,211.0,111.0
USW00023234,2025-05-20,0.0,183.0,106.0
USW00023234,2025-05-21,0.0,222.0,94.0
USW00023234,2025-05-22,0.0,183.0,111.0
USW00023234,2025-05-23,0.0,161.0,111.0
USW00023234,2025-05-24,0.0,156.0,111.0
USW00023234,2025-05-25,0.0,178.0,117.0
USW00023234,2025-05-26,0.0,183.0,117.0
USW00023234,2025-05-27,0.0,200.0,106.0
USW00023234,2025-05-28,0.0,178.0,117.0
USW00023234,2025-05-29,0.0,211.0,117.0
USW00023234,2025-05-30,0.0,267.0,111.0
USW00023234,2025-05-31,0.0,233.0,122.0
USW00023234,2025-06-01,0.0,183.0,122.0
USW00023234,2025-06-02,0.0,222.0,111.0
USW00023234,2025-06-03,0.0,217.0,122.0
USW00023234,2025-06-04,0.0,200.0,117.0
USW00023234,2025-06-05,0.0,211.0,128.0
USW00023234,2025-06-06,0.0,206.0,133.0
USW00023234,2025-06-07,0.0,189.0,128.0
USW00023234,2025-06-08,0.0,194.0,122.0
USW00023234,2025-06-09,0.0,183.0,122.0
USW00023234,2025-06-10,0.0,178.0,122.0
USW00023234,2025-06-11,0.0,167.0,122.0
USW00023234,2025-06-12,0.0,167.0,117.0
USW00023234,2025-06-13,0.0,194.0,111.0
USW00023234,2025-06-14,0.0,189.0,106.0
USW00023234,2025-06-15,0.0,189.0,106.0
USW00023234,2025-06-16,0.0,178.0,106.0
USW00023234,2025-06-17,0.0,194.0,117.0
USW00023234,2025-06-18,0.0,200.0,111.0
USW00023234,2025-06-19,0.0,167.0,122.0
USW00023234,2025-06-20,0.0,172.0,117.0
USW00023234,2025-06-21,0.0,200.0,111.0
USW00023234,2025-06-22,0.0,194.0,117.0
USW00023234,2025-06-23,0.0,194.0,111.0
USW00023234,2025-06-24,0.0,178.0,122.0
USW00023234,2025-06-25,0.0,178.0,117.0
USW00023234,2025-06-26,0.0,183.0,117.0
USW00023234,2025-06-27,0.0,222.0,117.0
USW00023234,2025-06-28,0.0,256.0,122.0
USW00023234,2025-06-29,0.0,206.0,111.0
USW00023234,2025-06-30,0.0,194.0,117.0
USW00023234,2025-07-01,0.0,206.0,117.0
USW00023234,2025-07-02,0.0,206.0,122.0
USW00023234,2025-07-03,0.0,183.0,122.0
USW00023234,2025-07-04,0.0,194.0,122.0
USW00023234,2025-07-05,0.0,194.0,128.0
USW00023234,2025-07-06,0.0,194.0,122.0
USW00023234,2025-07-07,0.0,222.0,117.0
USW00023234,2025-07-08,0.0,222.0,139.0
USW00023234,2025-07-09,0.0,189.0,122.0
USW00023234,2025-07-10,0.0,244.0,122.0
USW00023234,2025-07-11,0.0,206.0,128.0
USW00023234,2025-07-12,0.0,217.0,128.0
USW00023234,2025-07-13,,,
USW00023234,2025-07-14,,,
