date,tavg,tmin,tmax,prcp,temp_range,is_rainy,is_hot_day
2020-10-20,18.9,,27.2,0.0,,0,1
2020-10-21,19.6,,29.4,0.0,,0,1
2020-10-22,17.4,,22.8,0.0,,0,0
2020-10-23,16.8,,22.2,0.0,,0,0
2020-10-24,16.6,,21.7,0.0,,0,0
2020-10-25,18.3,,23.9,0.0,,0,0
2020-10-26,19.1,,26.7,0.0,,0,1
2020-10-27,19.1,,27.2,0.0,,0,1
2020-10-28,16.6,,24.4,0.0,,0,0
2020-10-29,16.2,,25.6,0.0,,0,1
2020-10-30,14.4,,21.1,0.0,,0,0
2020-10-31,15.9,,26.1,0.0,,0,1
2020-11-01,16.4,,25.6,0.0,,0,1
2020-11-02,17.0,,27.2,0.0,,0,1
2020-11-03,15.1,,20.0,0.0,,0,0
2020-11-04,16.3,,22.8,0.0,,0,0
2020-11-05,17.6,,26.7,0.0,,0,1
2020-11-06,15.5,,18.3,0.0,,0,0
2020-11-07,13.2,,17.8,0.0,,0,0
2020-11-08,12.7,,16.7,0.0,,0,0
2020-11-09,9.8,,16.1,0.0,,0,0
2020-11-10,11.4,,16.7,0.0,,0,0
2020-11-11,14.5,,17.8,0.0,,0,0
2020-11-12,12.0,,18.3,0.0,,0,0
2020-11-13,13.0,,16.7,0.5,,1,0
2020-11-14,12.3,,17.2,0.0,,0,0
2020-11-15,12.3,,19.4,0.0,,0,0
2020-11-16,15.5,,23.9,0.0,,0,0
2020-11-17,15.8,,20.0,1.8,,1,0
2020-11-18,16.2,,18.9,2.0,,1,0
2020-11-19,12.7,,17.2,0.0,,0,0
2020-11-20,11.9,,18.9,0.0,,0,0
2020-11-21,11.8,,18.9,0.0,,0,0
2020-11-22,11.0,,16.1,0.0,,0,0
2020-11-23,13.2,,16.7,0.0,,0,0
2020-11-24,12.2,,19.4,0.0,,0,0
2020-11-25,13.6,,18.3,0.0,,0,0
2020-11-26,13.7,,20.6,0.0,,0,0
2020-11-27,12.7,,18.3,0.0,,0,0
2020-11-28,10.4,,17.8,0.0,,0,0
2020-11-29,10.1,,17.8,0.0,,0,0
2020-11-30,10.1,,17.8,0.0,,0,0
2020-12-01,10.6,,17.8,0.0,,0,0
2020-12-02,11.2,,18.9,0.0,,0,0
2020-12-03,11.7,,18.9,0.0,,0,0
2020-12-04,11.0,,18.9,0.0,,0,0
2020-12-05,11.0,,17.8,0.0,,0,0
2020-12-06,11.6,,17.8,0.0,,0,0
2020-12-07,15.4,,26.1,0.0,,0,1
2020-12-08,13.6,,22.8,0.0,,0,0
2020-12-09,12.7,,21.7,0.0,,0,0
2020-12-10,11.6,,17.8,0.0,,0,0
2020-12-11,11.2,,13.9,5.8,,1,0
2020-12-12,13.2,,15.6,0.5,,1,0
2020-12-13,13.0,,15.6,14.2,,1,0
2020-12-14,11.0,,14.4,0.0,,0,0
2020-12-15,10.5,,15.0,0.0,,0,0
2020-12-16,11.4,,15.6,0.0,,0,0
2020-12-17,13.4,,16.1,11.9,,1,0
2020-12-18,10.4,,16.7,0.0,,0,0
2020-12-19,10.0,,17.2,0.0,,0,0
2020-12-20,10.4,,18.9,0.0,,0,0
2020-12-21,9.4,,16.1,0.0,,0,0
2020-12-22,12.1,,17.8,0.0,,0,0
2020-12-23,11.6,,18.3,0.0,,0,0
2020-12-24,10.4,,13.9,0.0,,0,0
2020-12-25,12.4,,16.7,2.5,,1,0
2020-12-26,13.4,,16.1,0.0,,0,0
2020-12-27,11.2,,17.2,0.0,,0,0
2020-12-28,11.4,,16.1,2.5,,1,0
2020-12-29,9.2,,15.6,0.0,,0,0
2020-12-30,9.4,,13.3,1.8,,1,0
2020-12-31,12.0,,16.7,1.5,,1,0
2021-01-01,9.9,,15.6,0.0,,0,0
2021-01-02,11.8,,13.9,3.6,,1,0
2021-01-03,11.4,,13.3,0.0,,0,0
2021-01-04,13.2,,16.7,9.1,,1,0
2021-01-05,9.9,,15.0,0.0,,0,0
2021-01-06,10.0,,15.0,0.8,,1,0
2021-01-07,11.1,,15.0,0.0,,0,0
2021-01-08,12.0,,16.1,0.0,,0,0
2021-01-09,9.9,,15.6,0.0,,0,0
2021-01-10,11.0,,16.7,0.0,,0,0
2021-01-11,11.1,,16.1,0.0,,0,0
2021-01-12,12.4,,16.7,0.0,,0,0
2021-01-13,13.8,,18.9,0.0,,0,0
2021-01-14,13.8,,21.7,0.0,,0,0
2021-01-15,13.3,,19.4,0.0,,0,0
2021-01-16,14.0,,21.7,0.0,,0,0
2021-01-17,15.3,,23.3,0.0,,0,0
2021-01-18,19.2,,28.3,0.0,,0,1
2021-01-19,17.2,,20.6,0.0,,0,0
2021-01-20,13.3,,20.0,0.0,,0,0
2021-01-21,10.0,,15.0,0.0,,0,0
2021-01-22,11.3,,13.9,2.0,,1,0
2021-01-23,10.9,,15.0,0.0,,0,0
2021-01-24,10.6,,13.3,2.5,,1,0
2021-01-25,10.4,,13.9,0.0,,0,0
2021-01-26,7.6,,12.2,9.9,,1,0
2021-01-27,11.1,,13.3,13.5,,1,0
2021-01-28,11.5,,13.9,13.5,,1,0
2021-01-29,10.6,,13.9,6.6,,1,0
2021-01-30,11.7,,15.6,0.0,,0,0
2021-01-31,14.0,,17.2,0.0,,0,0
2021-02-01,13.6,,19.4,17.0,,1,0
2021-02-02,13.8,,16.7,5.8,,1,0
2021-02-03,11.0,,15.6,0.0,,0,0
2021-02-04,11.3,,17.2,0.0,,0,0
2021-02-05,11.4,,19.4,0.0,,0,0
2021-02-06,12.5,,21.1,0.0,,0,0
2021-02-07,12.4,,20.6,0.0,,0,0
2021-02-08,11.1,,15.6,0.0,,0,0
2021-02-09,13.2,,15.6,0.0,,0,0
2021-02-10,13.2,,16.1,0.0,,0,0
2021-02-11,12.3,,15.6,11.9,,1,0
2021-02-12,13.8,,16.7,0.0,,0,0
2021-02-13,14.3,,17.2,0.3,,1,0
2021-02-14,11.8,,15.0,2.3,,1,0
2021-02-15,13.8,,16.1,6.1,,1,0
2021-02-16,12.1,,15.6,0.0,,0,0
2021-02-17,12.4,,20.0,0.0,,0,0
2021-02-18,12.3,,18.9,0.0,,0,0
2021-02-19,13.4,,15.6,0.8,,1,0
2021-02-20,13.7,,17.8,0.3,,1,0
2021-02-21,13.1,,18.9,0.0,,0,0
2021-02-22,16.0,,25.0,0.0,,0,0
2021-02-23,15.8,,28.9,0.0,,0,1
2021-02-24,15.7,,24.4,0.0,,0,0
2021-02-25,14.2,,19.4,0.0,,0,0
2021-02-26,12.2,,17.8,0.0,,0,0
2021-02-27,12.9,,18.3,0.0,,0,0
2021-02-28,14.3,,22.8,0.0,,0,0
2021-03-01,13.7,,21.1,0.0,,0,0
2021-03-02,13.0,,18.9,0.0,,0,0
2021-03-03,12.5,,17.8,0.0,,0,0
2021-03-04,12.8,,18.3,0.0,,0,0
2021-03-05,13.5,,19.4,3.8,,1,0
2021-03-06,12.0,,16.1,0.5,,1,0
2021-03-07,11.4,,17.2,0.0,,0,0
2021-03-08,13.1,,16.7,0.0,,0,0
2021-03-09,12.3,,16.7,4.1,,1,0
2021-03-10,10.7,,13.3,16.8,,1,0
2021-03-11,10.6,,15.6,1.5,,1,0
2021-03-12,11.7,,18.3,0.0,,0,0
2021-03-13,12.3,,15.0,0.0,,0,0
2021-03-14,12.7,,16.7,4.6,,1,0
2021-03-15,10.8,,15.0,0.0,,0,0
2021-03-16,10.0,,15.0,0.0,,0,0
2021-03-17,10.8,,15.0,0.0,,0,0
2021-03-18,13.2,,15.0,9.9,,1,0
2021-03-19,12.7,,17.8,0.0,,0,0
2021-03-20,11.5,,15.0,0.0,,0,0
2021-03-21,10.5,,17.8,0.0,,0,0
2021-03-22,12.0,,17.2,0.0,,0,0
2021-03-23,14.7,,20.6,0.0,,0,0
2021-03-24,13.8,,18.9,0.0,,0,0
2021-03-25,12.0,,16.1,0.0,,0,0
2021-03-26,12.4,,19.4,0.0,,0,0
2021-03-27,14.1,,23.3,0.0,,0,0
2021-03-28,13.5,,22.2,0.0,,0,0
2021-03-29,12.1,,16.7,0.0,,0,0
2021-03-30,15.3,,23.3,0.0,,0,0
2021-03-31,18.2,,27.8,0.0,,0,1
2021-04-01,17.8,,27.8,0.0,,0,1
2021-04-02,12.9,,16.7,0.0,,0,0
2021-04-03,12.5,,16.1,0.0,,0,0
2021-04-04,12.7,,16.1,0.0,,0,0
2021-04-05,11.7,,13.3,0.0,,0,0
2021-04-06,11.8,,16.1,0.0,,0,0
2021-04-07,11.5,,15.0,0.0,,0,0
2021-04-08,12.2,,16.7,0.0,,0,0
2021-04-09,11.5,,15.0,0.0,,0,0
2021-04-10,12.1,,17.2,0.0,,0,0
2021-04-11,12.3,,18.9,0.0,,0,0
2021-04-12,12.6,,18.3,0.0,,0,0
2021-04-13,12.2,,15.6,0.0,,0,0
2021-04-14,13.0,,18.3,0.0,,0,0
2021-04-15,12.5,,17.2,0.0,,0,0
2021-04-16,11.4,,16.1,0.0,,0,0
2021-04-17,12.8,,17.2,0.0,,0,0
2021-04-18,14.2,,23.9,0.0,,0,0
2021-04-19,12.4,,16.7,0.0,,0,0
2021-04-20,12.7,,16.7,0.0,,0,0
2021-04-21,12.4,,16.1,0.0,,0,0
2021-04-22,11.9,,15.0,0.0,,0,0
2021-04-23,12.8,,17.8,0.0,,0,0
2021-04-24,13.2,,17.8,0.0,,0,0
2021-04-25,12.6,,15.0,0.0,,0,0
2021-04-26,12.4,,16.1,0.0,,0,0
2021-04-27,12.9,,21.1,0.0,,0,0
2021-04-28,16.0,,25.6,0.0,,0,1
2021-04-29,14.1,,17.8,0.0,,0,0
2021-04-30,12.9,,16.7,0.0,,0,0
2021-05-01,13.5,,17.2,0.0,,0,0
2021-05-02,14.6,,21.7,0.0,,0,0
2021-05-03,16.2,,25.0,0.0,,0,0
2021-05-04,17.0,,23.3,0.0,,0,0
2021-05-05,14.3,,21.1,0.0,,0,0
2021-05-06,13.1,,18.3,0.0,,0,0
2021-05-07,14.7,,20.0,0.0,,0,0
2021-05-08,16.9,,27.2,0.0,,0,1
2021-05-09,17.0,,23.3,0.0,,0,0
2021-05-10,17.2,,26.7,0.0,,0,1
2021-05-11,15.6,,21.7,0.0,,0,0
2021-05-12,13.5,,18.3,0.0,,0,0
2021-05-13,12.8,,16.7,0.0,,0,0
2021-05-14,12.5,,15.0,0.0,,0,0
2021-05-15,12.5,,16.1,0.3,,1,0
2021-05-16,13.6,,17.2,0.0,,0,0
2021-05-17,12.9,,15.6,0.0,,0,0
2021-05-18,14.4,,20.6,0.0,,0,0
2021-05-19,13.9,,18.9,0.0,,0,0
2021-05-20,14.3,,19.4,0.0,,0,0
2021-05-21,14.1,,18.9,0.0,,0,0
2021-05-22,13.7,,19.4,0.0,,0,0
2021-05-23,13.5,,17.2,0.0,,0,0
2021-05-24,13.9,,19.4,0.0,,0,0
2021-05-25,14.5,,18.3,0.0,,0,0
2021-05-26,14.2,,19.4,0.0,,0,0
2021-05-27,14.7,,19.4,0.0,,0,0
2021-05-28,14.4,,18.3,0.0,,0,0
2021-05-29,12.8,,15.0,0.0,,0,0
2021-05-30,15.5,,22.8,0.0,,0,0
2021-05-31,16.9,,23.9,0.0,,0,0
2021-06-01,14.9,,20.0,0.0,,0,0
2021-06-02,14.1,,18.3,0.0,,0,0
2021-06-03,15.6,,21.7,0.0,,0,0
2021-06-04,14.6,,17.8,0.0,,0,0
2021-06-05,16.1,,21.7,0.0,,0,0
2021-06-06,15.5,,19.4,0.0,,0,0
2021-06-07,14.9,,18.9,0.0,,0,0
2021-06-08,14.8,,18.9,0.0,,0,0
2021-06-09,14.6,,18.3,0.0,,0,0
2021-06-10,15.3,,20.0,0.0,,0,0
2021-06-11,16.2,,21.7,0.0,,0,0
2021-06-12,18.9,,25.6,0.0,,0,1
2021-06-13,18.0,,23.3,0.0,,0,0
2021-06-14,18.7,,22.2,0.0,,0,0
2021-06-15,18.2,,24.4,0.0,,0,0
2021-06-16,20.2,,29.4,0.0,,0,1
2021-06-17,21.7,,32.8,0.0,,0,1
2021-06-18,20.1,,28.9,0.0,,0,1
2021-06-19,17.3,,24.4,0.0,,0,0
2021-06-20,16.0,,20.6,0.0,,0,0
2021-06-21,17.6,,22.2,0.0,,0,0
2021-06-22,19.1,,23.3,0.0,,0,0
2021-06-23,18.4,,22.2,0.0,,0,0
2021-06-24,17.7,,21.1,0.0,,0,0
2021-06-25,16.1,,20.6,0.0,,0,0
2021-06-26,16.6,,21.7,0.0,,0,0
2021-06-27,16.0,,19.4,0.0,,0,0
2021-06-28,15.9,,20.0,0.0,,0,0
2021-06-29,16.9,,21.1,0.0,,0,0
2021-06-30,16.8,,20.6,0.0,,0,0
2021-07-01,17.5,,22.2,0.0,,0,0
2021-07-02,17.0,,22.2,0.0,,0,0
2021-07-03,16.9,,21.1,0.0,,0,0
2021-07-04,17.3,,21.7,0.0,,0,0
2021-07-05,16.7,,21.1,0.0,,0,0
2021-07-06,16.0,,19.4,0.0,,0,0
2021-07-07,15.1,,18.3,0.0,,0,0
2021-07-08,18.1,,26.1,0.0,,0,1
2021-07-09,18.8,,25.0,0.0,,0,0
2021-07-10,16.9,,22.8,0.0,,0,0
2021-07-11,15.2,,18.3,0.0,,0,0
2021-07-12,14.8,,17.8,0.0,,0,0
2021-07-13,15.3,,19.4,0.0,,0,0
2021-07-14,16.4,,21.1,0.0,,0,0
2021-07-15,15.1,,18.3,0.0,,0,0
2021-07-16,15.7,,21.1,0.0,,0,0
2021-07-17,17.1,,22.2,0.0,,0,0
2021-07-18,17.0,,22.8,0.0,,0,0
2021-07-19,16.7,,21.7,0.0,,0,0
2021-07-20,16.0,,19.4,0.0,,0,0
2021-07-21,16.2,,20.6,0.0,,0,0
2021-07-22,15.9,,19.4,0.0,,0,0
2021-07-23,16.1,,22.8,0.0,,0,0
2021-07-24,16.1,,20.6,0.0,,0,0
2021-07-25,16.4,,21.1,0.0,,0,0
2021-07-26,16.6,,21.1,0.0,,0,0
2021-07-27,18.4,,25.0,0.0,,0,0
2021-07-28,17.6,,22.8,0.0,,0,0
2021-07-29,17.8,,23.3,0.0,,0,0
2021-07-30,16.6,,21.7,0.0,,0,0
2021-07-31,17.5,,22.2,0.0,,0,0
2021-08-01,17.8,,22.2,0.0,,0,0
2021-08-02,18.4,,23.3,0.0,,0,0
2021-08-03,16.4,,21.7,0.0,,0,0
2021-08-04,16.2,,20.0,0.0,,0,0
2021-08-05,16.7,,20.0,0.0,,0,0
2021-08-06,18.6,,23.9,0.0,,0,0
2021-08-07,17.2,,23.3,0.0,,0,0
2021-08-08,17.4,,23.9,0.0,,0,0
2021-08-09,17.4,,22.2,0.0,,0,0
2021-08-10,18.2,,25.6,0.0,,0,1
2021-08-11,17.6,,22.2,0.0,,0,0
2021-08-12,18.0,,22.8,0.0,,0,0
2021-08-13,17.8,,21.7,0.0,,0,0
2021-08-14,17.7,,21.7,0.0,,0,0
2021-08-15,17.7,,22.2,0.0,,0,0
2021-08-16,18.2,,22.8,0.0,,0,0
2021-08-17,17.7,,21.7,0.0,,0,0
2021-08-18,17.8,,23.3,0.0,,0,0
2021-08-19,17.8,,22.2,0.0,,0,0
2021-08-20,17.9,,20.6,0.0,,0,0
2021-08-21,17.9,,21.1,0.0,,0,0
2021-08-22,17.3,,22.2,0.0,,0,0
2021-08-23,17.2,,22.2,0.0,,0,0
2021-08-24,17.1,,21.7,0.0,,0,0
2021-08-25,16.8,,21.1,0.0,,0,0
2021-08-26,17.7,,25.6,0.0,,0,1
2021-08-27,21.1,,30.6,0.0,,0,1
2021-08-28,21.7,,31.7,0.0,,0,1
2021-08-29,18.7,,25.0,0.0,,0,0
2021-08-30,17.1,,22.8,0.0,,0,0
2021-08-31,16.8,,21.7,0.0,,0,0
2021-09-01,17.1,,21.7,0.0,,0,0
2021-09-02,16.6,,20.6,0.0,,0,0
2021-09-03,16.3,,21.1,0.0,,0,0
2021-09-04,16.1,,24.4,0.0,,0,0
2021-09-05,17.7,,27.2,0.0,,0,1
2021-09-06,19.5,,30.6,0.0,,0,1
2021-09-07,19.0,,24.4,0.0,,0,0
2021-09-08,20.0,,26.7,0.0,,0,1
2021-09-09,18.1,,21.7,0.0,,0,0
2021-09-10,17.8,,20.6,0.0,,0,0
2021-09-11,17.7,,22.8,0.0,,0,0
2021-09-12,18.0,,26.7,0.0,,0,1
2021-09-13,18.2,,23.9,0.0,,0,0
2021-09-14,17.0,,22.2,0.0,,0,0
2021-09-15,16.3,,20.6,0.0,,0,0
2021-09-16,16.4,,20.0,0.0,,0,0
2021-09-17,16.9,,21.1,0.0,,0,0
2021-09-18,17.9,,22.2,0.0,,0,0
2021-09-19,19.0,,23.3,0.0,,0,0
2021-09-20,20.0,,28.9,0.0,,0,1
2021-09-21,22.1,,31.1,0.0,,0,1
2021-09-22,18.6,,25.0,0.0,,0,0
2021-09-23,17.9,,27.2,0.0,,0,1
2021-09-24,17.6,,23.3,0.0,,0,0
2021-09-25,16.8,,19.4,0.0,,0,0
2021-09-26,16.8,,18.9,0.0,,0,0
2021-09-27,18.0,,22.2,0.0,,0,0
2021-09-28,18.2,,23.3,0.0,,0,0
2021-09-29,16.9,,23.9,0.0,,0,0
2021-09-30,18.6,,28.3,0.0,,0,1
2021-10-01,20.0,,30.6,0.0,,0,1
2021-10-02,19.8,,30.6,0.0,,0,1
2021-10-03,20.3,,31.1,0.0,,0,1
2021-10-04,19.7,,29.4,0.0,,0,1
2021-10-05,15.8,,20.6,0.0,,0,0
2021-10-06,16.1,,18.9,0.0,,0,0
2021-10-07,15.1,,17.8,0.0,,0,0
2021-10-08,15.5,,18.9,0.0,,0,0
2021-10-09,16.9,,23.3,0.0,,0,0
2021-10-10,15.5,,22.8,0.0,,0,0
2021-10-11,16.5,,22.2,0.0,,0,0
2021-10-12,16.2,,22.2,0.0,,0,0
2021-10-13,13.7,,16.7,0.0,,0,0
2021-10-14,14.6,,23.3,0.0,,0,0
2021-10-15,16.8,,26.7,0.0,,0,1
2021-10-16,17.5,,28.3,0.0,,0,1
2021-10-17,14.5,,18.9,0.8,,1,0
2021-10-18,14.1,,17.2,0.0,,0,0
2021-10-19,14.0,,20.0,0.3,,1,0
2021-10-20,16.6,,18.9,4.8,,1,0
2021-10-21,18.8,,22.2,1.0,,1,0
2021-10-22,16.5,,18.9,12.4,,1,0
2021-10-23,16.2,,18.9,13.0,,1,0
2021-10-24,16.1,,18.3,90.9,,1,0
2021-10-25,15.6,,18.3,11.9,,1,0
2021-10-26,15.6,,18.9,0.0,,0,0
2021-10-27,16.4,,21.1,0.0,,0,0
2021-10-28,17.5,,23.3,0.0,,0,0
2021-10-29,16.6,,24.4,0.0,,0,0
2021-10-30,15.4,,17.2,0.0,,0,0
2021-10-31,15.2,,18.3,0.0,,0,0
2021-11-01,16.2,,17.8,3.3,,1,0
2021-11-02,16.5,,19.4,0.5,,1,0
2021-11-03,15.4,,21.1,0.0,,0,0
2021-11-04,16.1,,18.9,3.8,,1,0
2021-11-05,13.1,,17.2,0.0,,0,0
2021-11-06,14.2,,17.8,0.0,,0,0
2021-11-07,12.7,,16.7,0.0,,0,0
2021-11-08,12.2,,16.1,13.0,,1,0
2021-11-09,14.5,,18.9,1.8,,1,0
2021-11-10,15.3,,18.3,0.0,,0,0
2021-11-11,15.1,,20.0,0.0,,0,0
2021-11-12,14.9,,20.0,0.0,,0,0
2021-11-13,14.8,,21.7,0.0,,0,0
2021-11-14,14.1,,18.9,0.0,,0,0
2021-11-15,12.8,,16.1,0.0,,0,0
2021-11-16,14.1,,17.8,0.0,,0,0
2021-11-17,14.2,,20.6,0.0,,0,0
2021-11-18,12.2,,16.1,0.0,,0,0
2021-11-19,13.8,,17.2,0.3,,1,0
2021-11-20,13.7,,18.3,0.0,,0,0
2021-11-21,14.3,,21.1,0.0,,0,0
2021-11-22,12.2,,18.3,0.0,,0,0
2021-11-23,11.7,,17.2,0.0,,0,0
2021-11-24,11.7,,19.4,0.0,,0,0
2021-11-25,12.1,,17.8,0.0,,0,0
2021-11-26,12.2,,17.8,0.0,,0,0
2021-11-27,12.6,,20.0,0.0,,0,0
2021-11-28,13.4,,20.0,0.0,,0,0
2021-11-29,13.2,,20.0,0.0,,0,0
2021-11-30,12.9,,20.6,0.0,,0,0
2021-12-01,14.1,,19.4,0.0,,0,0
2021-12-02,12.4,,17.8,0.0,,0,0
2021-12-03,12.0,,13.3,0.0,,0,0
2021-12-04,12.4,,14.4,0.0,,0,0
2021-12-05,11.1,,15.6,0.0,,0,0
2021-12-06,10.2,,11.7,1.0,,1,0
2021-12-07,11.8,,15.6,0.5,,1,0
2021-12-08,11.8,,13.3,0.3,,1,0
2021-12-09,11.7,,14.4,0.0,,0,0
2021-12-10,8.5,,13.3,0.0,,0,0
2021-12-11,8.0,,12.8,0.0,,0,0
2021-12-12,10.4,,12.8,9.7,,1,0
2021-12-13,11.5,,14.4,86.1,,1,0
2021-12-14,8.3,,11.1,4.3,,1,0
2021-12-15,9.2,,11.7,5.8,,1,0
2021-12-16,10.4,,13.9,13.5,,1,0
2021-12-17,7.8,,12.2,0.0,,0,0
2021-12-18,7.2,,13.3,0.0,,0,0
2021-12-19,6.4,,10.0,0.0,,0,0
2021-12-20,8.7,,12.2,0.0,,0,0
2021-12-21,7.8,,11.1,5.3,,1,0
2021-12-22,9.6,,12.8,0.3,,1,0
2021-12-23,12.4,,14.4,48.8,,1,0
2021-12-24,11.1,,12.8,3.3,,1,0
2021-12-25,9.8,,11.7,25.9,,1,0
2021-12-26,8.4,,10.6,3.6,,1,0
2021-12-27,8.9,,10.6,2.3,,1,0
2021-12-28,7.4,,8.9,0.3,,1,0
2021-12-29,8.1,,10.6,13.0,,1,0
2021-12-30,7.9,,11.1,0.0,,0,0
2021-12-31,7.3,,11.7,0.0,,0,0
2022-01-01,6.1,,10.6,0.0,,0,0
2022-01-02,6.2,,12.8,0.0,,0,0
2022-01-03,9.7,,12.2,3.3,,1,0
2022-01-04,11.4,,13.9,2.5,,1,0
2022-01-05,11.8,,13.9,0.0,,0,0
2022-01-06,11.8,,12.8,0.0,,0,0
2022-01-07,11.1,,13.3,0.5,,1,0
2022-01-08,9.3,,13.3,0.0,,0,0
2022-01-09,9.7,,16.1,0.0,,0,0
2022-01-10,10.6,,14.4,0.0,,0,0
2022-01-11,10.2,,15.6,0.0,,0,0
2022-01-12,10.9,,15.0,0.0,,0,0
2022-01-13,10.3,,13.3,0.0,,0,0
2022-01-14,10.0,,16.1,0.0,,0,0
2022-01-15,11.6,,15.6,0.0,,0,0
2022-01-16,11.7,,16.1,0.0,,0,0
2022-01-17,10.9,,15.6,0.0,,0,0
2022-01-18,9.8,,12.8,0.0,,0,0
2022-01-19,9.6,,13.3,0.0,,0,0
2022-01-20,9.8,,15.6,0.0,,0,0
2022-01-21,12.2,,20.0,0.0,,0,0
2022-01-22,15.5,,20.6,0.0,,0,0
2022-01-23,10.0,,15.6,0.0,,0,0
2022-01-24,9.3,,15.6,0.0,,0,0
2022-01-25,9.3,,13.9,0.0,,0,0
2022-01-26,9.1,,13.9,0.0,,0,0
2022-01-27,10.2,,19.4,0.0,,0,0
2022-01-28,10.4,,17.8,0.0,,0,0
2022-01-29,10.0,,16.7,0.0,,0,0
2022-01-30,9.6,,15.0,0.0,,0,0
2022-01-31,10.0,,14.4,0.0,,0,0
2022-02-01,11.4,,17.2,0.0,,0,0
2022-02-02,13.1,,17.8,0.0,,0,0
2022-02-03,9.4,,15.6,0.0,,0,0
2022-02-04,9.9,,16.7,0.0,,0,0
2022-02-05,9.5,,17.2,0.0,,0,0
2022-02-06,9.8,,18.3,0.0,,0,0
2022-02-07,10.2,,16.7,0.0,,0,0
2022-02-08,11.2,,20.6,0.0,,0,0
2022-02-09,14.0,,24.4,0.0,,0,0
2022-02-10,16.0,,22.8,0.0,,0,0
2022-02-11,15.0,,22.8,0.0,,0,0
2022-02-12,14.5,,21.1,0.0,,0,0
2022-02-13,13.6,,20.6,0.0,,0,0
2022-02-14,11.0,,12.8,0.0,,0,0
2022-02-15,11.5,,16.1,0.0,,0,0
2022-02-16,14.0,,19.4,0.0,,0,0
2022-02-17,14.0,,19.4,0.0,,0,0
2022-02-18,11.1,,18.3,0.0,,0,0
2022-02-19,12.3,,20.6,0.0,,0,0
2022-02-20,10.8,,13.9,0.0,,0,0
2022-02-21,9.9,,14.4,0.0,,0,0
2022-02-22,8.5,,12.2,0.0,,0,0
2022-02-23,7.7,,12.8,0.0,,0,0
2022-02-24,7.0,,13.3,0.0,,0,0
2022-02-25,7.7,,15.0,0.0,,0,0
2022-02-26,8.9,,15.0,0.0,,0,0
2022-02-27,12.2,,19.4,0.0,,0,0
2022-02-28,12.7,,22.2,0.0,,0,0
2022-03-01,12.6,,18.3,0.0,,0,0
2022-03-02,12.3,,18.9,0.0,,0,0
2022-03-03,11.5,,13.9,1.0,,1,0
2022-03-04,11.4,,15.0,1.3,,1,0
2022-03-05,9.7,,14.4,0.0,,0,0
2022-03-06,9.1,,15.0,0.0,,0,0
2022-03-07,11.2,,21.1,0.0,,0,0
2022-03-08,12.1,,21.1,0.0,,0,0
2022-03-09,11.7,,17.8,0.0,,0,0
2022-03-10,12.5,,20.0,0.0,,0,0
2022-03-11,11.6,,20.6,0.0,,0,0
2022-03-12,10.3,,15.6,0.3,,1,0
2022-03-13,13.0,,16.7,0.8,,1,0
2022-03-14,12.0,,18.9,0.0,,0,0
2022-03-15,14.3,,17.8,3.0,,1,0
2022-03-16,12.2,,17.8,0.0,,0,0
2022-03-17,11.7,,15.6,0.0,,0,0
2022-03-18,11.7,,19.4,0.0,,0,0
2022-03-19,12.0,,14.4,0.3,,1,0
2022-03-20,12.0,,17.8,0.0,,0,0
2022-03-21,12.6,,18.9,0.0,,0,0
2022-03-22,16.5,,25.6,0.0,,0,1
2022-03-23,12.4,,16.1,0.0,,0,0
2022-03-24,11.1,,16.1,0.0,,0,0
2022-03-25,11.4,,16.1,0.0,,0,0
2022-03-26,12.1,,17.8,0.0,,0,0
2022-03-27,13.6,,18.3,4.1,,1,0
2022-03-28,13.0,,17.2,5.1,,1,0
2022-03-29,12.1,,15.0,0.0,,0,0
2022-03-30,11.9,,15.0,0.0,,0,0
2022-03-31,12.4,,17.8,0.0,,0,0
2022-04-01,12.6,,20.0,0.0,,0,0
2022-04-02,14.1,,21.1,0.0,,0,0
2022-04-03,13.3,,18.3,0.0,,0,0
2022-04-04,13.8,,18.3,0.0,,0,0
2022-04-05,14.6,,20.6,0.0,,0,0
2022-04-06,16.5,,26.7,0.0,,0,1
2022-04-07,19.5,,30.0,0.0,,0,1
2022-04-08,16.7,,22.2,0.0,,0,0
2022-04-09,14.0,,20.0,0.0,,0,0
2022-04-10,14.9,,20.0,0.0,,0,0
2022-04-11,11.5,,14.4,2.0,,1,0
2022-04-12,10.6,,15.0,0.0,,0,0
2022-04-13,10.6,,15.0,0.0,,0,0
2022-04-14,12.6,,15.0,1.3,,1,0
2022-04-15,11.7,,16.7,0.0,,0,0
2022-04-16,13.0,,15.6,10.4,,1,0
2022-04-17,10.9,,15.0,0.0,,0,0
2022-04-18,12.7,,19.4,0.0,,0,0
2022-04-19,14.3,,17.8,1.0,,1,0
2022-04-20,14.5,,19.4,3.0,,1,0
2022-04-21,14.3,,17.2,7.1,,1,0
2022-04-22,13.4,,17.2,0.0,,0,0
2022-04-23,13.5,,20.0,0.0,,0,0
2022-04-24,13.6,,20.0,0.0,,0,0
2022-04-25,14.2,,19.4,0.0,,0,0
2022-04-26,13.7,,17.2,0.0,,0,0
2022-04-27,12.5,,16.7,0.0,,0,0
2022-04-28,12.9,,16.7,0.0,,0,0
2022-04-29,13.1,,20.0,0.0,,0,0
2022-04-30,14.0,,19.4,0.0,,0,0
2022-05-01,13.5,,20.0,0.0,,0,0
2022-05-02,13.6,,18.3,0.0,,0,0
2022-05-03,15.4,,23.3,0.0,,0,0
2022-05-04,14.3,,23.9,0.0,,0,0
2022-05-05,13.8,,17.8,0.0,,0,0
2022-05-06,16.0,,20.0,0.0,,0,0
2022-05-07,14.9,,19.4,0.0,,0,0
2022-05-08,12.9,,16.7,0.0,,0,0
2022-05-09,11.9,,15.6,0.0,,0,0
2022-05-10,11.9,,16.1,0.0,,0,0
2022-05-11,11.8,,17.8,0.0,,0,0
2022-05-12,12.8,,17.2,0.0,,0,0
2022-05-13,15.0,,21.1,0.0,,0,0
2022-05-14,15.6,,21.7,0.0,,0,0
2022-05-15,14.3,,18.9,0.0,,0,0
2022-05-16,14.4,,18.3,0.0,,0,0
2022-05-17,14.0,,19.4,0.0,,0,0
2022-05-18,16.5,,23.9,0.0,,0,0
2022-05-19,17.0,,20.6,0.0,,0,0
2022-05-20,16.7,,23.9,0.0,,0,0
2022-05-21,15.2,,23.3,0.0,,0,0
2022-05-22,14.7,,21.1,0.0,,0,0
2022-05-23,15.6,,21.7,0.0,,0,0
2022-05-24,19.4,,30.0,0.0,,0,1
2022-05-25,19.0,,27.2,0.0,,0,1
2022-05-26,15.3,,20.6,0.0,,0,0
2022-05-27,15.4,,19.4,0.0,,0,0
2022-05-28,15.5,,20.0,0.0,,0,0
2022-05-29,16.0,,21.1,0.0,,0,0
2022-05-30,15.3,,21.1,0.0,,0,0
2022-05-31,15.9,,23.9,0.0,,0,0
2022-06-01,15.5,,23.3,0.0,,0,0
2022-06-02,14.5,,19.4,0.0,,0,0
2022-06-03,15.6,,20.6,0.0,,0,0
2022-06-04,17.1,,21.1,0.5,,1,0
2022-06-05,18.4,,22.8,6.4,,1,0
2022-06-06,16.4,,21.1,0.0,,0,0
2022-06-07,15.2,,19.4,0.0,,0,0
2022-06-08,16.2,,20.0,0.0,,0,0
2022-06-09,18.0,,25.6,0.0,,0,1
2022-06-10,21.7,,30.0,0.0,,0,1
2022-06-11,20.2,,26.1,0.0,,0,1
2022-06-12,17.8,,23.9,0.0,,0,0
2022-06-13,17.3,,22.8,0.0,,0,0
2022-06-14,18.0,,25.6,0.0,,0,1
2022-06-15,16.3,,21.1,0.0,,0,0
2022-06-16,15.6,,20.6,0.0,,0,0
2022-06-17,15.5,,19.4,0.0,,0,0
2022-06-18,16.0,,20.6,0.0,,0,0
2022-06-19,17.1,,25.0,0.0,,0,0
2022-06-20,19.0,,26.7,0.0,,0,1
2022-06-21,24.0,,36.7,0.0,,0,1
2022-06-22,20.5,,28.3,0.0,,0,1
2022-06-23,18.4,,24.4,0.0,,0,0
2022-06-24,17.0,,22.8,0.0,,0,0
2022-06-25,16.3,,21.7,0.0,,0,0
2022-06-26,16.0,,21.1,0.0,,0,0
2022-06-27,16.1,,21.7,0.0,,0,0
2022-06-28,16.6,,21.1,0.0,,0,0
2022-06-29,15.1,,18.9,0.0,,0,0
2022-06-30,14.2,,16.7,0.0,,0,0
2022-07-01,14.6,,18.9,0.0,,0,0
2022-07-02,14.3,,16.7,0.0,,0,0
2022-07-03,14.9,,18.3,0.0,,0,0
2022-07-04,17.9,,23.9,0.0,,0,0
2022-07-05,19.7,,23.3,0.0,,0,0
2022-07-06,18.7,,21.7,0.0,,0,0
2022-07-07,17.0,,21.7,0.0,,0,0
2022-07-08,16.5,,21.1,0.0,,0,0
2022-07-09,16.4,,20.0,0.0,,0,0
2022-07-10,18.6,,26.7,0.0,,0,1
2022-07-11,17.9,,23.3,0.0,,0,0
2022-07-12,17.6,,22.2,0.0,,0,0
2022-07-13,17.7,,22.2,0.0,,0,0
2022-07-14,16.6,,21.1,0.0,,0,0
2022-07-15,15.8,,20.0,0.0,,0,0
2022-07-16,16.8,,24.4,0.0,,0,0
2022-07-17,16.5,,20.6,0.0,,0,0
2022-07-18,17.2,,22.8,0.0,,0,0
2022-07-19,15.5,,20.6,0.0,,0,0
2022-07-20,15.2,,20.6,0.0,,0,0
2022-07-21,15.1,,19.4,0.0,,0,0
2022-07-22,15.7,,21.1,0.0,,0,0
2022-07-23,14.8,,19.4,0.0,,0,0
2022-07-24,15.2,,21.1,0.0,,0,0
2022-07-25,15.9,,20.0,0.0,,0,0
2022-07-26,17.0,,21.1,0.0,,0,0
2022-07-27,16.4,,20.6,0.0,,0,0
2022-07-28,15.6,,20.0,0.0,,0,0
2022-07-29,16.7,,20.6,0.0,,0,0
2022-07-30,17.3,,20.0,0.0,,0,0
2022-07-31,17.4,,20.0,0.0,,0,0
2022-08-01,18.3,,23.9,0.0,,0,0
2022-08-02,19.1,,24.4,0.0,,0,0
2022-08-03,17.8,,22.2,0.0,,0,0
2022-08-04,18.4,,23.3,0.0,,0,0
2022-08-05,19.3,,23.3,0.0,,0,0
2022-08-06,19.3,,22.8,0.0,,0,0
2022-08-07,19.0,,22.8,0.0,,0,0
2022-08-08,19.0,,23.3,0.0,,0,0
2022-08-09,19.4,,23.9,0.0,,0,0
2022-08-10,20.1,,25.0,0.0,,0,0
2022-08-11,19.0,,23.3,0.0,,0,0
2022-08-12,18.4,,22.8,0.0,,0,0
2022-08-13,18.2,,23.3,0.0,,0,0
2022-08-14,18.4,,25.6,0.0,,0,1
2022-08-15,18.4,,25.6,0.0,,0,1
2022-08-16,19.8,,28.9,0.0,,0,1
2022-08-17,18.1,,25.0,0.3,,1,0
2022-08-18,17.0,,22.8,0.0,,0,0
2022-08-19,17.2,,21.1,0.0,,0,0
2022-08-20,18.1,,24.4,0.0,,0,0
2022-08-21,17.7,,25.0,0.0,,0,0
2022-08-22,18.1,,24.4,0.0,,0,0
2022-08-23,18.3,,25.0,0.0,,0,0
2022-08-24,17.1,,22.8,0.0,,0,0
2022-08-25,18.0,,23.3,0.0,,0,0
2022-08-26,17.6,,22.2,0.0,,0,0
2022-08-27,17.3,,23.9,0.0,,0,0
2022-08-28,18.0,,22.8,0.0,,0,0
2022-08-29,17.7,,21.7,0.0,,0,0
2022-08-30,17.6,,22.2,0.0,,0,0
2022-08-31,17.8,,22.8,0.0,,0,0
2022-09-01,17.9,,25.0,0.0,,0,0
2022-09-02,16.7,,22.2,0.0,,0,0
2022-09-03,19.5,,25.6,0.0,,0,1
2022-09-04,21.8,,32.8,0.0,,0,1
2022-09-05,25.1,,36.1,0.0,,0,1
2022-09-06,26.2,,38.9,0.0,,0,1
2022-09-07,23.0,,32.8,0.0,,0,1
2022-09-08,23.9,,34.4,0.0,,0,1
2022-09-09,19.6,,26.1,0.0,,0,1
2022-09-10,19.2,,24.4,0.0,,0,0
2022-09-11,20.6,,25.6,0.0,,0,1
2022-09-12,18.2,,21.7,0.0,,0,0
2022-09-13,17.6,,20.6,0.0,,0,0
2022-09-14,18.5,,23.3,0.0,,0,0
2022-09-15,17.3,,20.6,0.0,,0,0
2022-09-16,17.7,,22.2,0.0,,0,0
2022-09-17,16.9,,21.1,0.0,,0,0
2022-09-18,18.1,,22.2,7.1,,1,0
2022-09-19,18.4,,23.3,0.0,,0,0
2022-09-20,17.7,,23.3,0.0,,0,0
2022-09-21,18.5,,22.8,0.3,,1,0
2022-09-22,18.1,,25.6,0.0,,0,1
2022-09-23,19.9,,29.4,0.0,,0,1
2022-09-24,19.3,,28.3,0.0,,0,1
2022-09-25,16.9,,21.1,0.0,,0,0
2022-09-26,15.9,,19.4,0.0,,0,0
2022-09-27,16.2,,20.6,0.0,,0,0
2022-09-28,17.0,,21.1,0.0,,0,0
2022-09-29,18.6,,25.6,0.0,,0,1
2022-09-30,18.2,,27.8,0.0,,0,1
2022-10-01,16.5,,20.6,0.0,,0,0
2022-10-02,18.4,,22.2,0.0,,0,0
2022-10-03,16.9,,22.2,0.0,,0,0
2022-10-04,15.9,,19.4,0.0,,0,0
2022-10-05,16.2,,22.8,0.0,,0,0
2022-10-06,15.5,,22.2,0.0,,0,0
2022-10-07,15.7,,22.2,0.0,,0,0
2022-10-08,14.9,,20.0,0.0,,0,0
2022-10-09,14.7,,17.8,0.0,,0,0
2022-10-10,15.0,,20.6,0.0,,0,0
2022-10-11,14.6,,18.9,0.0,,0,0
2022-10-12,15.3,,20.0,0.0,,0,0
2022-10-13,14.7,,18.9,0.0,,0,0
2022-10-14,14.4,,18.9,0.0,,0,0
2022-10-15,16.1,,19.4,0.0,,0,0
2022-10-16,17.3,,19.4,0.0,,0,0
2022-10-17,15.2,,22.2,0.0,,0,0
2022-10-18,17.8,,25.6,0.0,,0,1
2022-10-19,19.0,,30.6,0.0,,0,1
2022-10-20,15.6,,21.7,0.0,,0,0
2022-10-21,14.6,,17.8,0.0,,0,0
2022-10-22,16.9,,20.6,0.0,,0,0
2022-10-23,15.5,,21.1,0.0,,0,0
2022-10-24,14.5,,22.2,0.0,,0,0
2022-10-25,14.3,,18.9,0.0,,0,0
2022-10-26,13.0,,18.9,0.0,,0,0
2022-10-27,13.1,,20.6,0.0,,0,0
2022-10-28,12.6,,18.3,0.0,,0,0
2022-10-29,12.6,,20.0,0.0,,0,0
2022-10-30,14.4,,18.3,0.0,,0,0
2022-10-31,13.4,,17.8,0.0,,0,0
2022-11-01,13.5,,15.6,5.3,,1,0
2022-11-02,12.3,,15.0,1.0,,1,0
2022-11-03,10.6,,15.6,0.0,,0,0
2022-11-04,11.3,,16.1,0.0,,0,0
2022-11-05,14.1,,16.1,2.3,,1,0
2022-11-06,13.5,,16.1,1.3,,1,0
2022-11-07,12.3,,15.6,1.5,,1,0
2022-11-08,10.1,,12.8,25.7,,1,0
2022-11-09,10.8,,15.0,0.0,,0,0
2022-11-10,10.0,,15.0,0.0,,0,0
2022-11-11,9.0,,14.4,0.0,,0,0
2022-11-12,10.7,,15.6,0.0,,0,0
2022-11-13,11.2,,16.1,0.0,,0,0
2022-11-14,9.2,,15.6,0.0,,0,0
2022-11-15,11.2,,18.3,0.0,,0,0
2022-11-16,10.5,,18.9,0.0,,0,0
2022-11-17,9.9,,17.8,0.0,,0,0
2022-11-18,9.6,,17.2,0.0,,0,0
2022-11-19,11.2,,16.7,0.0,,0,0
2022-11-20,9.8,,16.1,0.0,,0,0
2022-11-21,9.1,,15.6,0.0,,0,0
2022-11-22,9.4,,16.7,0.0,,0,0
2022-11-23,10.7,,19.4,0.0,,0,0
2022-11-24,11.9,,18.9,0.0,,0,0
2022-11-25,11.9,,21.1,0.0,,0,0
2022-11-26,10.4,,16.7,0.0,,0,0
2022-11-27,9.5,,17.8,0.0,,0,0
2022-11-28,10.1,,15.6,0.0,,0,0
2022-11-29,8.4,,13.3,0.0,,0,0
2022-11-30,8.7,,15.6,0.0,,0,0
2022-12-01,9.7,,11.7,14.5,,1,0
2022-12-02,5.8,,11.1,0.0,,0,0
2022-12-03,8.3,,10.0,21.8,,1,0
2022-12-04,11.0,,15.0,2.0,,1,0
2022-12-05,11.1,,15.0,1.8,,1,0
2022-12-06,10.3,,14.4,0.5,,1,0
2022-12-07,8.0,,13.3,0.0,,0,0
2022-12-08,9.0,,13.3,1.8,,1,0
2022-12-09,9.5,,12.2,0.0,,0,0
2022-12-10,12.1,,13.9,25.9,,1,0
2022-12-11,9.4,,11.7,12.4,,1,0
2022-12-12,8.2,,11.7,0.5,,1,0
2022-12-13,6.2,,12.2,0.0,,0,0
2022-12-14,6.4,,10.6,0.0,,0,0
2022-12-15,7.4,,12.2,0.0,,0,0
2022-12-16,7.7,,13.9,0.0,,0,0
2022-12-17,7.4,,12.8,0.0,,0,0
2022-12-18,6.2,,11.7,0.0,,0,0
2022-12-19,5.5,,9.4,0.0,,0,0
2022-12-20,8.3,,12.2,0.0,,0,0
2022-12-21,8.4,,13.9,0.0,,0,0
2022-12-22,9.0,,13.3,0.0,,0,0
2022-12-23,10.2,,13.9,0.0,,0,0
2022-12-24,10.4,,13.9,0.0,,0,0
2022-12-25,10.4,,16.1,0.0,,0,0
2022-12-26,9.7,,12.2,5.6,,1,0
2022-12-27,12.4,,14.4,45.0,,1,0
2022-12-28,9.7,,13.9,0.0,,0,0
2022-12-29,11.0,,13.3,10.7,,1,0
2022-12-30,13.6,,15.6,22.4,,1,0
2022-12-31,12.3,,13.9,127.3,,1,0
2023-01-01,11.7,,16.7,0.0,,0,0
2023-01-02,8.8,,11.1,10.4,,1,0
2023-01-03,9.7,,12.8,0.0,,0,0
2023-01-04,12.1,,15.0,35.6,,1,0
2023-01-05,12.5,,14.4,8.1,,1,0
2023-01-06,12.5,,15.6,0.0,,0,0
2023-01-07,12.8,,15.0,3.0,,1,0
2023-01-08,13.6,,16.7,20.1,,1,0
2023-01-09,13.0,,15.0,30.2,,1,0
2023-01-10,12.1,,13.9,9.4,,1,0
2023-01-11,12.3,,15.0,7.4,,1,0
2023-01-12,15.2,,19.4,0.0,,0,0
2023-01-13,13.5,,15.6,10.2,,1,0
2023-01-14,12.7,,14.4,25.1,,1,0
2023-01-15,10.3,,12.2,24.1,,1,0
2023-01-16,10.2,,13.3,24.1,,1,0
2023-01-17,8.3,,12.2,0.0,,0,0
2023-01-18,9.5,,13.3,2.8,,1,0
2023-01-19,8.8,,11.7,0.0,,0,0
2023-01-20,8.6,,12.8,0.0,,0,0
2023-01-21,7.1,,13.3,0.0,,0,0
2023-01-22,10.0,,16.1,0.0,,0,0
2023-01-23,11.5,,17.2,0.0,,0,0
2023-01-24,10.8,,16.1,0.0,,0,0
2023-01-25,11.2,,18.3,0.0,,0,0
2023-01-26,14.9,,20.6,0.0,,0,0
2023-01-27,9.0,,13.9,0.0,,0,0
2023-01-28,8.8,,12.8,0.0,,0,0
2023-01-29,9.0,,10.6,0.0,,0,0
2023-01-30,7.5,,12.8,0.0,,0,0
2023-01-31,7.5,,13.9,0.0,,0,0
2023-02-01,7.5,,13.3,0.0,,0,0
2023-02-02,8.9,,14.4,0.0,,0,0
2023-02-03,11.0,,13.9,10.9,,1,0
2023-02-04,11.8,,15.0,5.1,,1,0
2023-02-05,11.0,,13.3,2.8,,1,0
2023-02-06,9.4,,15.0,0.0,,0,0
2023-02-07,9.1,,15.0,0.0,,0,0
2023-02-08,10.0,,16.7,0.0,,0,0
2023-02-09,10.1,,17.8,0.0,,0,0
2023-02-10,9.4,,14.4,0.0,,0,0
2023-02-11,9.6,,13.9,1.3,,1,0
2023-02-12,9.8,,17.2,0.0,,0,0
2023-02-13,9.9,,16.1,0.0,,0,0
2023-02-14,9.1,,12.8,0.0,,0,0
2023-02-15,9.2,,13.9,0.0,,0,0
2023-02-16,7.2,,12.8,0.0,,0,0
2023-02-17,9.4,,17.8,0.0,,0,0
2023-02-18,9.0,,16.1,0.0,,0,0
2023-02-19,9.6,,16.7,0.0,,0,0
2023-02-20,11.0,,18.9,0.0,,0,0
2023-02-21,10.0,,15.0,0.0,,0,0
2023-02-22,7.8,,11.1,0.0,,0,0
2023-02-23,7.2,,10.6,6.1,,1,0
2023-02-24,6.5,,9.4,15.7,,1,0
2023-02-25,7.1,,10.6,0.0,,0,0
2023-02-26,8.7,,10.0,10.2,,1,0
2023-02-27,7.2,,10.6,9.4,,1,0
2023-02-28,8.1,,12.2,11.4,,1,0
2023-03-01,8.4,,13.3,0.0,,0,0
2023-03-02,9.1,,12.8,0.0,,0,0
2023-03-03,8.8,,12.8,0.0,,0,0
2023-03-04,9.2,,11.1,3.0,,1,0
2023-03-05,9.2,,11.7,4.6,,1,0
2023-03-06,8.6,,12.8,4.1,,1,0
2023-03-07,8.8,,12.2,0.0,,0,0
2023-03-08,9.2,,12.2,3.8,,1,0
2023-03-09,9.2,,15.0,23.1,,1,0
2023-03-10,11.3,,13.9,16.3,,1,0
2023-03-11,11.8,,15.0,0.0,,0,0
2023-03-12,13.1,,15.0,6.6,,1,0
2023-03-13,14.5,,18.3,0.0,,0,0
2023-03-14,13.6,,16.7,12.7,,1,0
2023-03-15,10.0,,15.0,0.0,,0,0
2023-03-16,10.0,,15.0,0.0,,0,0
2023-03-17,11.5,,17.8,0.0,,0,0
2023-03-18,13.0,,18.9,0.3,,1,0
2023-03-19,12.2,,14.4,11.4,,1,0
2023-03-20,10.8,,13.3,0.0,,0,0
2023-03-21,9.3,,14.4,32.5,,1,0
2023-03-22,11.0,,15.0,5.1,,1,0
2023-03-23,11.5,,13.9,0.0,,0,0
2023-03-24,10.2,,15.0,0.0,,0,0
2023-03-25,9.9,,15.0,0.0,,0,0
2023-03-26,9.4,,13.9,0.0,,0,0
2023-03-27,8.9,,16.1,0.0,,0,0
2023-03-28,10.2,,11.7,16.3,,1,0
2023-03-29,9.0,,11.1,17.0,,1,0
2023-03-30,9.6,,13.9,0.0,,0,0
2023-03-31,10.9,,15.0,0.0,,0,0
2023-04-01,10.8,,16.1,0.0,,0,0
2023-04-02,11.6,,14.4,1.5,,1,0
2023-04-03,10.0,,14.4,0.0,,0,0
2023-04-04,9.3,,13.9,0.0,,0,0
2023-04-05,9.5,,14.4,0.0,,0,0
2023-04-06,11.1,,16.1,0.0,,0,0
2023-04-07,12.5,,15.6,2.3,,1,0
2023-04-08,12.6,,18.3,0.0,,0,0
2023-04-09,13.9,,22.8,0.0,,0,0
2023-04-10,13.9,,21.1,0.0,,0,0
2023-04-11,13.8,,17.2,0.0,,0,0
2023-04-12,12.0,,15.6,0.0,,0,0
2023-04-13,11.8,,16.7,0.0,,0,0
2023-04-14,11.1,,15.0,0.0,,0,0
2023-04-15,11.5,,16.1,0.0,,0,0
2023-04-16,11.9,,15.6,0.0,,0,0
2023-04-17,11.9,,15.0,0.0,,0,0
2023-04-18,11.4,,15.0,0.0,,0,0
2023-04-19,12.0,,16.7,0.0,,0,0
2023-04-20,12.9,,18.3,0.0,,0,0
2023-04-21,14.6,,22.2,0.0,,0,0
2023-04-22,14.6,,20.0,0.0,,0,0
2023-04-23,13.0,,17.2,0.0,,0,0
2023-04-24,12.6,,19.4,0.0,,0,0
2023-04-25,14.3,,22.8,0.0,,0,0
2023-04-26,15.5,,25.0,0.0,,0,0
2023-04-27,16.6,,27.8,0.0,,0,1
2023-04-28,14.2,,20.0,0.0,,0,0
2023-04-29,12.5,,16.7,0.0,,0,0
2023-04-30,13.3,,18.3,0.0,,0,0
2023-05-01,12.1,,15.6,0.0,,0,0
2023-05-02,11.6,,14.4,8.9,,1,0
2023-05-03,11.7,,15.6,10.2,,1,0
2023-05-04,12.2,,15.6,0.0,,0,0
2023-05-05,13.0,,16.1,2.5,,1,0
2023-05-06,13.3,,16.7,2.5,,1,0
2023-05-07,13.1,,17.8,0.0,,0,0
2023-05-08,13.6,,17.8,0.8,,1,0
2023-05-09,13.7,,17.8,0.0,,0,0
2023-05-10,13.3,,16.1,0.0,,0,0
2023-05-11,13.8,,17.2,0.0,,0,0
2023-05-12,13.9,,19.4,0.0,,0,0
2023-05-13,17.0,,26.7,0.0,,0,1
2023-05-14,15.9,,22.2,0.0,,0,0
2023-05-15,15.4,,19.4,0.0,,0,0
2023-05-16,15.2,,22.8,0.0,,0,0
2023-05-17,13.8,,18.9,0.0,,0,0
2023-05-18,13.9,,17.2,0.0,,0,0
2023-05-19,14.0,,17.2,0.0,,0,0
2023-05-20,13.3,,16.7,0.0,,0,0
2023-05-21,14.6,,19.4,0.0,,0,0
2023-05-22,14.9,,21.1,0.0,,0,0
2023-05-23,14.7,,19.4,0.0,,0,0
2023-05-24,13.9,,18.3,0.0,,0,0
2023-05-25,14.2,,18.3,0.0,,0,0
2023-05-26,14.4,,18.3,0.0,,0,0
2023-05-27,14.0,,17.8,0.0,,0,0
2023-05-28,13.3,,15.0,0.0,,0,0
2023-05-29,15.1,,19.4,0.0,,0,0
2023-05-30,15.2,,18.3,0.0,,0,0
2023-05-31,13.7,,16.7,0.0,,0,0
2023-06-01,14.3,,18.3,0.0,,0,0
2023-06-02,14.8,,20.0,0.0,,0,0
2023-06-03,15.5,,21.7,0.0,,0,0
2023-06-04,14.6,,20.0,0.0,,0,0
2023-06-05,15.3,,20.0,0.0,,0,0
2023-06-06,16.3,,20.0,0.0,,0,0
2023-06-07,16.6,,20.6,0.0,,0,0
2023-06-08,16.4,,20.6,0.0,,0,0
2023-06-09,15.4,,18.9,0.0,,0,0
2023-06-10,13.7,,18.3,0.0,,0,0
2023-06-11,15.3,,19.4,0.0,,0,0
2023-06-12,16.2,,20.6,0.0,,0,0
2023-06-13,15.8,,19.4,0.0,,0,0
2023-06-14,15.3,,20.0,0.0,,0,0
2023-06-15,16.3,,21.1,0.0,,0,0
2023-06-16,16.5,,21.1,0.0,,0,0
2023-06-17,15.8,,20.0,0.0,,0,0
2023-06-18,16.3,,20.0,0.0,,0,0
2023-06-19,15.8,,20.6,0.0,,0,0
2023-06-20,15.2,,21.1,0.0,,0,0
2023-06-21,14.7,,19.4,0.0,,0,0
2023-06-22,15.4,,20.0,0.0,,0,0
2023-06-23,15.9,,19.4,0.0,,0,0
2023-06-24,15.4,,18.9,0.0,,0,0
2023-06-25,14.7,,17.8,0.0,,0,0
2023-06-26,14.1,,17.2,0.0,,0,0
2023-06-27,13.8,,17.2,0.0,,0,0
2023-06-28,13.7,,17.8,0.0,,0,0
2023-06-29,15.4,,21.7,0.0,,0,0
2023-06-30,16.4,,22.8,0.0,,0,0
2023-07-01,19.6,,30.6,0.0,,0,1
2023-07-02,20.2,,27.2,0.0,,0,1
2023-07-03,16.5,,20.0,0.0,,0,0
2023-07-04,15.8,,20.0,0.0,,0,0
2023-07-05,16.2,,20.0,0.0,,0,0
2023-07-06,15.7,,19.4,0.0,,0,0
2023-07-07,14.5,,18.3,0.0,,0,0
2023-07-08,15.1,,18.3,0.0,,0,0
2023-07-09,14.4,,17.8,0.0,,0,0
2023-07-10,14.6,,19.4,0.0,,0,0
2023-07-11,16.2,,22.8,0.0,,0,0
2023-07-12,15.5,,20.0,0.0,,0,0
2023-07-13,16.4,,22.2,0.0,,0,0
2023-07-14,16.5,,23.9,0.0,,0,0
2023-07-15,17.5,,26.1,0.0,,0,1
2023-07-16,17.8,,24.4,0.0,,0,0
2023-07-17,18.5,,23.3,0.0,,0,0
2023-07-18,16.0,,20.6,0.0,,0,0
2023-07-19,15.8,,20.0,0.0,,0,0
2023-07-20,17.1,,23.3,0.0,,0,0
2023-07-21,17.3,,23.3,0.0,,0,0
2023-07-22,18.1,,27.2,0.0,,0,1
2023-07-23,17.4,,21.1,0.0,,0,0
2023-07-24,16.7,,20.6,0.0,,0,0
2023-07-25,17.7,,25.0,0.0,,0,0
2023-07-26,16.8,,20.6,0.0,,0,0
2023-07-27,16.4,,19.4,0.0,,0,0
2023-07-28,16.6,,21.7,0.0,,0,0
2023-07-29,16.2,,21.1,0.0,,0,0
2023-07-30,17.1,,22.2,0.0,,0,0
2023-07-31,16.9,,21.1,0.0,,0,0
2023-08-01,16.2,,19.4,0.0,,0,0
2023-08-02,16.4,,18.3,0.0,,0,0
2023-08-03,15.6,,17.8,0.0,,0,0
2023-08-04,16.6,,21.1,0.0,,0,0
2023-08-05,17.5,,23.9,0.0,,0,0
2023-08-06,18.9,,25.6,0.0,,0,1
2023-08-07,18.9,,26.7,0.0,,0,1
2023-08-08,17.8,,22.2,0.0,,0,0
2023-08-09,17.1,,23.9,0.0,,0,0
2023-08-10,17.8,,22.2,0.0,,0,0
2023-08-11,18.1,,22.8,0.0,,0,0
2023-08-12,18.5,,25.0,0.0,,0,0
2023-08-13,18.8,,26.1,0.0,,0,1
2023-08-14,19.5,,24.4,0.0,,0,0
2023-08-15,19.5,,26.7,0.0,,0,1
2023-08-16,19.5,,25.0,0.0,,0,0
2023-08-17,18.6,,23.3,0.0,,0,0
2023-08-18,19.5,,24.4,0.0,,0,0
2023-08-19,18.2,,21.1,0.0,,0,0
2023-08-20,20.8,,30.0,0.0,,0,1
2023-08-21,20.6,,25.0,0.5,,1,0
2023-08-22,21.2,,25.6,0.0,,0,1
2023-08-23,22.8,,31.7,0.0,,0,1
2023-08-24,21.2,,27.2,0.0,,0,1
2023-08-25,18.3,,21.7,0.0,,0,0
2023-08-26,17.0,,21.1,0.0,,0,0
2023-08-27,17.9,,23.3,0.0,,0,0
2023-08-28,18.2,,25.0,0.0,,0,0
2023-08-29,18.8,,25.0,0.0,,0,0
2023-08-30,21.4,,32.8,0.0,,0,1
2023-08-31,18.3,,22.8,0.0,,0,0
2023-09-01,17.9,,21.1,0.0,,0,0
2023-09-02,19.4,,22.2,0.0,,0,0
2023-09-03,18.8,,22.2,0.0,,0,0
2023-09-04,17.6,,21.1,0.0,,0,0
2023-09-05,17.8,,23.9,0.0,,0,0
2023-09-06,17.4,,22.8,0.0,,0,0
2023-09-07,17.2,,21.1,0.0,,0,0
2023-09-08,17.3,,25.6,0.0,,0,1
2023-09-09,17.2,,23.3,0.0,,0,0
2023-09-10,17.0,,23.3,0.0,,0,0
2023-09-11,17.6,,23.3,0.0,,0,0
2023-09-12,17.3,,21.7,0.0,,0,0
2023-09-13,16.9,,22.8,0.0,,0,0
2023-09-14,17.2,,22.2,0.0,,0,0
2023-09-15,18.1,,21.7,0.0,,0,0
2023-09-16,18.5,,21.7,0.0,,0,0
2023-09-17,18.5,,22.2,0.0,,0,0
2023-09-18,18.8,,22.8,0.0,,0,0
2023-09-19,17.4,,21.1,0.0,,0,0
2023-09-20,17.6,,21.7,0.0,,0,0
2023-09-21,16.9,,22.2,0.0,,0,0
2023-09-22,16.6,,21.1,0.0,,0,0
2023-09-23,16.2,,20.0,0.0,,0,0
2023-09-24,17.1,,21.7,0.0,,0,0
2023-09-25,18.3,,23.9,0.0,,0,0
2023-09-26,19.2,,23.3,0.0,,0,0
2023-09-27,17.3,,23.9,0.0,,0,0
2023-09-28,17.9,,23.3,0.0,,0,0
2023-09-29,16.7,,20.0,0.0,,0,0
2023-09-30,16.3,,18.9,0.0,,0,0
2023-10-01,16.2,,22.2,0.0,,0,0
2023-10-02,15.1,,22.2,0.0,,0,0
2023-10-03,16.7,,23.3,0.0,,0,0
2023-10-04,20.6,,29.4,0.0,,0,1
2023-10-05,22.6,,32.2,0.0,,0,1
2023-10-06,23.2,,32.8,0.0,,0,1
2023-10-07,22.1,,31.1,0.0,,0,1
2023-10-08,17.0,,21.1,0.0,,0,0
2023-10-09,16.9,,21.1,0.0,,0,0
2023-10-10,17.7,,20.6,0.0,,0,0
2023-10-11,17.5,,21.7,0.0,,0,0
2023-10-12,15.6,,23.3,0.0,,0,0
2023-10-13,16.1,,21.1,0.0,,0,0
2023-10-14,17.7,,22.8,0.0,,0,0
2023-10-15,17.4,,23.9,0.0,,0,0
2023-10-16,16.6,,23.3,0.0,,0,0
2023-10-17,17.5,,23.3,0.0,,0,0
2023-10-18,18.6,,28.3,0.0,,0,1
2023-10-19,20.4,,30.6,0.0,,0,1
2023-10-20,16.4,,19.4,0.0,,0,0
2023-10-21,16.6,,21.1,0.0,,0,0
2023-10-22,17.4,,20.0,2.8,,1,0
2023-10-23,16.7,,20.0,0.0,,0,0
2023-10-24,15.2,,20.6,0.0,,0,0
2023-10-25,15.4,,18.9,0.0,,0,0
2023-10-26,13.4,,18.3,0.0,,0,0
2023-10-27,12.1,,16.7,0.0,,0,0
2023-10-28,12.2,,20.6,0.0,,0,0
2023-10-29,15.6,,23.9,0.0,,0,0
2023-10-30,13.4,,21.1,0.0,,0,0
2023-10-31,13.4,,21.7,0.0,,0,0
2023-11-01,13.6,,21.7,0.0,,0,0
2023-11-02,15.5,,23.3,0.0,,0,0
2023-11-03,17.6,,25.0,0.0,,0,0
2023-11-04,15.6,,22.8,0.0,,0,0
2023-11-05,16.9,,22.2,0.3,,1,0
2023-11-06,17.0,,19.4,1.3,,1,0
2023-11-07,15.0,,18.9,0.0,,0,0
2023-11-08,13.7,,20.6,0.0,,0,0
2023-11-09,11.6,,18.3,0.0,,0,0
2023-11-10,12.4,,19.4,0.0,,0,0
2023-11-11,13.4,,21.1,0.0,,0,0
2023-11-12,13.9,,20.0,0.0,,0,0
2023-11-13,13.4,,17.8,0.0,,0,0
2023-11-14,16.4,,22.8,0.0,,0,0
2023-11-15,15.7,,22.8,1.3,,1,0
2023-11-16,16.3,,20.6,0.0,,0,0
2023-11-17,15.5,,21.1,4.1,,1,0
2023-11-18,15.7,,17.2,7.9,,1,0
2023-11-19,13.2,,16.7,0.0,,0,0
2023-11-20,13.5,,20.6,0.0,,0,0
2023-11-21,11.8,,16.1,0.0,,0,0
2023-11-22,11.8,,17.2,0.0,,0,0
2023-11-23,12.7,,19.4,0.0,,0,0
2023-11-24,11.0,,17.2,0.0,,0,0
2023-11-25,11.3,,18.3,0.0,,0,0
2023-11-26,10.7,,15.0,0.0,,0,0
2023-11-27,9.6,,17.8,0.0,,0,0
2023-11-28,10.9,,17.2,0.8,,1,0
2023-11-29,12.2,,17.2,3.3,,1,0
2023-11-30,11.6,,16.7,0.0,,0,0
2023-12-01,11.4,,15.6,0.0,,0,0
2023-12-02,12.2,,14.4,1.5,,1,0
2023-12-03,13.3,,16.1,0.0,,0,0
2023-12-04,12.0,,16.7,0.0,,0,0
2023-12-05,11.7,,16.1,0.0,,0,0
2023-12-06,12.6,,16.1,2.8,,1,0
2023-12-07,11.4,,16.1,0.0,,0,0
2023-12-08,9.2,,15.6,0.0,,0,0
2023-12-09,8.9,,16.7,0.0,,0,0
2023-12-10,8.8,,15.0,0.0,,0,0
2023-12-11,8.8,,15.0,0.0,,0,0
2023-12-12,11.6,,15.6,0.0,,0,0
2023-12-13,10.1,,14.4,0.0,,0,0
2023-12-14,9.9,,15.6,0.0,,0,0
2023-12-15,10.6,,15.0,0.0,,0,0
2023-12-16,11.0,,17.8,0.0,,0,0
2023-12-17,11.7,,15.6,8.6,,1,0
2023-12-18,13.4,,17.8,17.0,,1,0
2023-12-19,15.0,,17.2,3.6,,1,0
2023-12-20,13.3,,15.0,21.3,,1,0
2023-12-21,12.3,,15.6,0.0,,0,0
2023-12-22,11.5,,15.6,0.0,,0,0
2023-12-23,9.9,,14.4,0.0,,0,0
2023-12-24,8.3,,12.8,0.0,,0,0
2023-12-25,9.4,,13.9,0.0,,0,0
2023-12-26,10.3,,14.4,0.0,,0,0
2023-12-27,12.7,,15.0,1.5,,1,0
2023-12-28,14.9,,18.9,0.0,,0,0
2023-12-29,14.7,,17.2,24.9,,1,0
2023-12-30,12.9,,15.6,5.3,,1,0
2023-12-31,10.9,,13.9,0.0,,0,0
2024-01-01,10.8,,14.4,0.0,,0,0
2024-01-02,11.1,,16.7,5.8,,1,0
2024-01-03,10.8,,15.0,2.0,,1,0
2024-01-04,10.2,,14.4,0.0,,0,0
2024-01-05,11.4,,16.1,0.0,,0,0
2024-01-06,9.0,,13.3,3.3,,1,0
2024-01-07,8.2,,12.2,0.0,,0,0
2024-01-08,8.8,,13.3,0.0,,0,0
2024-01-09,10.2,,13.9,0.8,,1,0
2024-01-10,9.8,,13.3,3.3,,1,0
2024-01-11,8.1,,11.1,0.0,,0,0
2024-01-12,8.0,,13.3,0.0,,0,0
2024-01-13,10.1,,12.8,11.4,,1,0
2024-01-14,11.5,,14.4,1.3,,1,0
2024-01-15,10.6,,15.0,0.0,,0,0
2024-01-16,10.8,,12.8,10.2,,1,0
2024-01-17,12.3,,14.4,0.0,,0,0
2024-01-18,10.9,,15.6,0.0,,0,0
2024-01-19,12.0,,14.4,2.8,,1,0
2024-01-20,13.1,,15.6,4.3,,1,0
2024-01-21,13.7,,16.1,13.0,,1,0
2024-01-22,13.2,,15.0,19.6,,1,0
2024-01-23,12.8,,15.0,0.0,,0,0
2024-01-24,13.1,,15.6,10.9,,1,0
2024-01-25,12.1,,15.6,0.0,,0,0
2024-01-26,12.7,,16.7,0.0,,0,0
2024-01-27,13.8,,16.7,0.0,,0,0
2024-01-28,15.2,,18.9,0.0,,0,0
2024-01-29,14.3,,21.7,0.0,,0,0
2024-01-30,14.5,,20.0,0.0,,0,0
2024-01-31,14.2,,15.6,14.0,,1,0
2024-02-01,11.8,,15.0,8.6,,1,0
2024-02-02,11.3,,15.0,7.9,,1,0
2024-02-03,10.2,,13.9,9.4,,1,0
2024-02-04,12.3,,15.6,15.2,,1,0
2024-02-05,12.4,,15.0,6.9,,1,0
2024-02-06,10.8,,14.4,0.0,,0,0
2024-02-07,9.4,,12.8,11.9,,1,0
2024-02-08,8.0,,12.8,0.0,,0,0
2024-02-09,8.8,,13.3,0.0,,0,0
2024-02-10,10.8,,16.1,0.0,,0,0
2024-02-11,10.7,,15.6,0.0,,0,0
2024-02-12,9.7,,15.0,0.0,,0,0
2024-02-13,10.7,,13.9,0.0,,0,0
2024-02-14,11.6,,15.0,4.3,,1,0
2024-02-15,12.4,,16.1,0.0,,0,0
2024-02-16,11.7,,14.4,0.0,,0,0
2024-02-17,12.7,,14.4,7.1,,1,0
2024-02-18,13.6,,20.0,6.9,,1,0
2024-02-19,14.2,,17.2,3.8,,1,0
2024-02-20,12.6,,15.6,8.6,,1,0
2024-02-21,11.7,,15.6,0.0,,0,0
2024-02-22,12.1,,16.7,0.0,,0,0
2024-02-23,13.3,,20.0,0.0,,0,0
2024-02-24,13.8,,20.0,0.0,,0,0
2024-02-25,12.8,,17.8,0.0,,0,0
2024-02-26,13.4,,16.7,0.0,,0,0
2024-02-27,11.1,,16.7,0.0,,0,0
2024-02-28,11.1,,18.3,0.0,,0,0
2024-02-29,12.2,,16.1,3.6,,1,0
2024-03-01,12.2,,14.4,11.9,,1,0
2024-03-02,10.1,,12.8,8.9,,1,0
2024-03-03,9.8,,12.2,9.9,,1,0
2024-03-04,10.6,,13.9,0.5,,1,0
2024-03-05,12.5,,16.1,0.0,,0,0
2024-03-06,12.7,,16.1,0.5,,1,0
2024-03-07,11.9,,16.1,0.0,,0,0
2024-03-08,11.2,,17.2,0.0,,0,0
2024-03-09,12.3,,15.6,0.0,,0,0
2024-03-10,12.8,,16.1,0.3,,1,0
2024-03-11,12.3,,17.8,2.8,,1,0
2024-03-12,12.7,,16.7,2.0,,1,0
2024-03-13,12.5,,17.2,0.0,,0,0
2024-03-14,16.4,,20.6,0.0,,0,0
2024-03-15,17.6,,23.3,0.0,,0,0
2024-03-16,13.6,,19.4,0.0,,0,0
2024-03-17,12.8,,17.8,0.0,,0,0
2024-03-18,13.4,,18.3,0.0,,0,0
2024-03-19,13.0,,18.3,0.0,,0,0
2024-03-20,13.0,,17.8,0.0,,0,0
2024-03-21,14.2,,18.3,0.0,,0,0
2024-03-22,14.0,,19.4,8.6,,1,0
2024-03-23,12.6,,15.6,5.8,,1,0
2024-03-24,12.8,,16.7,2.8,,1,0
2024-03-25,12.3,,16.1,0.0,,0,0
2024-03-26,12.5,,15.6,0.0,,0,0
2024-03-27,12.5,,15.0,4.6,,1,0
2024-03-28,12.9,,16.1,0.0,,0,0
2024-03-29,10.8,,12.8,12.4,,1,0
2024-03-30,12.2,,18.3,0.0,,0,0
2024-03-31,12.2,,17.2,0.0,,0,0
2024-04-01,13.6,,20.6,0.0,,0,0
2024-04-02,13.5,,20.0,0.0,,0,0
2024-04-03,12.3,,15.0,0.0,,0,0
2024-04-04,9.3,,12.8,15.2,,1,0
2024-04-05,9.3,,14.4,0.0,,0,0
2024-04-06,10.2,,15.0,0.0,,0,0
2024-04-07,11.1,,16.7,0.0,,0,0
2024-04-08,12.6,,18.9,0.0,,0,0
2024-04-09,13.8,,21.1,0.0,,0,0
2024-04-10,15.1,,23.3,0.0,,0,0
2024-04-11,15.3,,22.2,0.0,,0,0
2024-04-12,13.3,,16.7,0.0,,0,0
2024-04-13,10.5,,14.4,10.4,,1,0
2024-04-14,11.1,,15.6,1.5,,1,0
2024-04-15,13.1,,17.2,0.0,,0,0
2024-04-16,14.3,,21.7,0.0,,0,0
2024-04-17,16.1,,23.9,0.0,,0,0
2024-04-18,14.4,,21.1,0.0,,0,0
2024-04-19,13.2,,17.2,0.0,,0,0
2024-04-20,14.1,,18.9,0.0,,0,0
2024-04-21,15.9,,22.8,0.0,,0,0
2024-04-22,15.8,,20.6,0.0,,0,0
2024-04-23,14.7,,17.8,0.0,,0,0
2024-04-24,14.8,,17.8,0.0,,0,0
2024-04-25,14.0,,17.8,0.0,,0,0
2024-04-26,14.7,,18.9,0.0,,0,0
2024-04-27,13.5,,18.3,0.0,,0,0
2024-04-28,14.0,,18.9,0.0,,0,0
2024-04-29,14.7,,20.0,0.0,,0,0
2024-04-30,14.0,,19.4,0.0,,0,0
2024-05-01,15.1,,22.8,0.0,,0,0
2024-05-02,15.1,,20.0,0.0,,0,0
2024-05-03,14.3,,20.0,0.0,,0,0
2024-05-04,11.9,,13.3,18.5,,1,0
2024-05-05,12.2,,16.7,0.0,,0,0
2024-05-06,12.5,,17.8,0.0,,0,0
2024-05-07,14.5,,20.0,0.0,,0,0
2024-05-08,18.8,,27.2,0.0,,0,1
2024-05-09,20.5,,29.4,0.0,,0,1
2024-05-10,17.8,,27.2,0.0,,0,1
2024-05-11,15.8,,21.1,0.0,,0,0
2024-05-12,13.8,,17.8,0.0,,0,0
2024-05-13,12.8,,16.7,0.0,,0,0
2024-05-14,13.4,,18.9,0.0,,0,0
2024-05-15,14.1,,17.8,0.0,,0,0
2024-05-16,15.2,,20.0,0.0,,0,0
2024-05-17,14.4,,18.9,0.0,,0,0
2024-05-18,14.8,,19.4,0.0,,0,0
2024-05-19,14.2,,18.9,0.0,,0,0
2024-05-20,14.6,,20.0,0.0,,0,0
2024-05-21,15.6,,22.8,0.0,,0,0
2024-05-22,15.0,,20.0,0.0,,0,0
2024-05-23,14.3,,18.9,0.0,,0,0
2024-05-24,12.2,,13.9,0.0,,0,0
2024-05-25,13.0,,16.7,0.0,,0,0
2024-05-26,14.0,,19.4,0.0,,0,0
2024-05-27,13.3,,17.2,0.0,,0,0
2024-05-28,14.2,,18.3,0.0,,0,0
2024-05-29,16.5,,23.9,0.0,,0,0
2024-05-30,17.4,,23.9,0.0,,0,0
2024-05-31,16.4,,22.8,0.0,,0,0
2024-06-01,14.2,,17.2,0.0,,0,0
2024-06-02,15.0,,18.9,0.0,,0,0
2024-06-03,15.8,,21.1,0.0,,0,0
2024-06-04,18.7,,26.1,0.0,,0,1
2024-06-05,20.1,,28.3,0.0,,0,1
2024-06-06,15.6,,19.4,0.0,,0,0
2024-06-07,15.9,,21.1,0.0,,0,0
2024-06-08,15.2,,18.9,0.0,,0,0
2024-06-09,15.0,,18.9,0.0,,0,0
2024-06-10,15.3,,20.6,0.0,,0,0
2024-06-11,18.8,,29.4,0.0,,0,1
2024-06-12,17.0,,21.7,0.0,,0,0
2024-06-13,15.1,,18.3,0.0,,0,0
2024-06-14,16.2,,20.6,0.0,,0,0
2024-06-15,17.2,,23.9,0.0,,0,0
2024-06-16,17.6,,23.3,0.0,,0,0
2024-06-17,18.8,,26.1,0.0,,0,1
2024-06-18,18.1,,25.0,0.0,,0,0
2024-06-19,14.6,,17.8,0.0,,0,0
2024-06-20,14.1,,17.8,0.0,,0,0
2024-06-21,15.0,,21.1,0.0,,0,0
2024-06-22,17.4,,24.4,0.0,,0,0
2024-06-23,17.2,,21.7,0.0,,0,0
2024-06-24,18.0,,26.1,0.0,,0,1
2024-06-25,17.9,,23.9,0.0,,0,0
2024-06-26,15.7,,20.0,0.0,,0,0
2024-06-27,16.1,,20.6,0.0,,0,0
2024-06-28,17.6,,23.9,0.0,,0,0
2024-06-29,17.4,,22.8,0.0,,0,0
2024-06-30,18.8,,23.9,0.0,,0,0
2024-07-01,18.8,,25.6,0.0,,0,1
2024-07-02,23.5,,33.9,0.0,,0,1
2024-07-03,24.2,,34.4,0.0,,0,1
2024-07-04,22.4,,28.9,0.0,,0,1
2024-07-05,20.1,,26.7,0.0,,0,1
2024-07-06,19.7,,27.2,0.0,,0,1
2024-07-07,18.2,,22.8,0.0,,0,0
2024-07-08,17.4,,22.2,0.0,,0,0
2024-07-09,17.9,,22.2,0.0,,0,0
2024-07-10,19.1,,26.1,0.0,,0,1
2024-07-11,21.7,,31.1,0.0,,0,1
2024-07-12,18.9,,23.9,0.0,,0,0
2024-07-13,16.9,,21.1,0.0,,0,0
2024-07-14,17.3,,21.1,0.0,,0,0
2024-07-15,17.6,,21.7,0.0,,0,0
2024-07-16,18.1,,22.2,0.0,,0,0
2024-07-17,17.3,,21.7,0.0,,0,0
2024-07-18,18.5,,23.9,0.0,,0,0
2024-07-19,19.9,,28.9,0.0,,0,1
2024-07-20,18.4,,22.8,0.0,,0,0
2024-07-21,16.1,,18.9,0.0,,0,0
2024-07-22,19.0,,25.0,0.0,,0,0
2024-07-23,22.1,,28.9,0.0,,0,1
2024-07-24,21.8,,26.7,0.0,,0,1
2024-07-25,20.1,,27.2,0.0,,0,1
2024-07-26,17.3,,21.1,0.0,,0,0
2024-07-27,15.5,,17.2,0.0,,0,0
2024-07-28,17.1,,22.2,0.0,,0,0
2024-07-29,17.1,,20.6,0.0,,0,0
2024-07-30,17.8,,22.2,0.0,,0,0
2024-07-31,17.8,,23.3,0.0,,0,0
2024-08-01,17.5,,23.9,0.0,,0,0
2024-08-02,17.9,,22.2,0.0,,0,0
2024-08-03,18.6,,24.4,0.0,,0,0
2024-08-04,16.5,,20.0,0.0,,0,0
2024-08-05,16.0,,20.0,0.0,,0,0
2024-08-06,18.9,,28.9,0.0,,0,1
2024-08-07,18.1,,26.1,0.0,,0,1
2024-08-08,16.6,,20.6,0.0,,0,0
2024-08-09,16.2,,20.6,0.0,,0,0
2024-08-10,17.4,,22.2,0.0,,0,0
2024-08-11,16.5,,21.1,0.0,,0,0
2024-08-12,17.0,,21.7,0.0,,0,0
2024-08-13,18.2,,23.3,0.0,,0,0
2024-08-14,18.0,,22.2,0.0,,0,0
2024-08-15,18.1,,23.3,0.0,,0,0
2024-08-16,18.7,,23.3,0.0,,0,0
2024-08-17,19.8,,26.1,0.0,,0,1
2024-08-18,19.9,,23.9,0.0,,0,0
2024-08-19,18.6,,23.9,0.0,,0,0
2024-08-20,19.7,,27.2,0.0,,0,1
2024-08-21,19.0,,23.3,0.0,,0,0
2024-08-22,19.1,,22.8,0.0,,0,0
2024-08-23,19.2,,22.2,0.0,,0,0
2024-08-24,20.4,,24.4,1.0,,1,0
2024-08-25,20.6,,27.8,0.0,,0,1
2024-08-26,21.4,,30.6,0.0,,0,1
2024-08-27,21.5,,32.2,0.0,,0,1
2024-08-28,19.3,,23.9,0.0,,0,0
2024-08-29,18.2,,22.2,0.0,,0,0
2024-08-30,18.9,,23.3,0.0,,0,0
2024-08-31,18.9,,23.3,0.0,,0,0
2024-09-01,19.4,,24.4,0.0,,0,0
2024-09-02,19.9,,24.4,0.0,,0,0
2024-09-03,20.8,,32.8,0.0,,0,1
2024-09-04,19.5,,26.7,0.0,,0,1
2024-09-05,19.1,,29.4,0.0,,0,1
2024-09-06,19.0,,26.1,0.0,,0,1
2024-09-07,17.7,,23.3,0.0,,0,0
2024-09-08,18.2,,26.7,0.0,,0,1
2024-09-09,17.5,,22.2,0.0,,0,0
2024-09-10,17.6,,21.1,0.0,,0,0
2024-09-11,18.6,,23.3,0.0,,0,0
2024-09-12,18.7,,25.0,0.0,,0,0
2024-09-13,18.2,,25.6,0.0,,0,1
2024-09-14,16.3,,21.1,0.0,,0,0
2024-09-15,16.5,,20.0,0.0,,0,0
2024-09-16,16.3,,21.1,0.0,,0,0
2024-09-17,16.9,,19.4,0.0,,0,0
2024-09-18,18.1,,22.8,0.0,,0,0
2024-09-19,16.6,,20.0,0.0,,0,0
2024-09-20,16.7,,20.6,0.0,,0,0
2024-09-21,17.1,,21.7,0.0,,0,0
2024-09-22,17.1,,23.9,0.0,,0,0
2024-09-23,19.7,,31.7,0.0,,0,1
2024-09-24,20.5,,28.3,0.0,,0,1
2024-09-25,17.8,,21.7,0.0,,0,0
2024-09-26,17.7,,22.8,0.0,,0,0
2024-09-27,20.5,,31.7,0.0,,0,1
2024-09-28,17.3,,20.6,0.0,,0,0
2024-09-29,17.3,,21.7,0.0,,0,0
2024-09-30,20.5,,32.2,0.0,,0,1
2024-10-01,24.0,,35.6,0.0,,0,1
2024-10-02,25.2,,36.1,0.0,,0,1
2024-10-03,23.5,,34.4,0.0,,0,1
2024-10-04,20.9,,29.4,0.0,,0,1
2024-10-05,24.5,,33.9,0.0,,0,1
2024-10-06,26.6,,37.8,0.0,,0,1
2024-10-07,25.0,,34.4,0.0,,0,1
2024-10-08,19.7,,25.0,0.0,,0,0
2024-10-09,17.2,,20.6,0.0,,0,0
2024-10-10,16.8,,21.7,0.0,,0,0
2024-10-11,16.8,,21.7,0.0,,0,0
2024-10-12,19.3,,24.4,0.0,,0,0
2024-10-13,20.5,,26.1,0.0,,0,1
2024-10-14,17.2,,20.6,0.0,,0,0
2024-10-15,18.2,,22.2,0.0,,0,0
2024-10-16,18.0,,21.1,0.0,,0,0
2024-10-17,18.1,,22.8,0.0,,0,0
2024-10-18,19.3,,25.6,0.0,,0,1
2024-10-19,19.3,,29.4,0.0,,0,1
2024-10-20,17.7,,26.1,0.0,,0,1
2024-10-21,16.0,,21.1,0.0,,0,0
2024-10-22,15.7,,20.6,0.0,,0,0
2024-10-23,15.9,,23.9,0.0,,0,0
2024-10-24,17.1,,23.9,0.0,,0,0
2024-10-25,16.4,,26.1,0.0,,0,1
2024-10-26,15.9,,25.0,0.0,,0,0
2024-10-27,18.2,,21.1,0.0,,0,0
2024-10-28,15.9,,20.0,0.0,,0,0
2024-10-29,14.1,,20.0,0.0,,0,0
2024-10-30,14.7,,18.9,0.3,,1,0
2024-10-31,14.8,,18.3,2.3,,1,0
2024-11-01,13.7,,18.9,0.3,,1,0
2024-11-02,16.1,,18.9,0.0,,0,0
2024-11-03,16.2,,23.3,0.0,,0,0
2024-11-04,16.8,,23.3,0.0,,0,0
2024-11-05,15.5,,22.8,0.0,,0,0
2024-11-06,18.4,,22.2,0.0,,0,0
2024-11-07,15.6,,22.2,0.0,,0,0
2024-11-08,13.7,,22.2,0.0,,0,0
2024-11-09,13.2,,21.1,0.0,,0,0
2024-11-10,13.2,,20.6,0.0,,0,0
2024-11-11,14.6,,16.7,6.9,,1,0
2024-11-12,13.4,,17.8,0.0,,0,0
2024-11-13,13.3,,18.3,0.0,,0,0
2024-11-14,13.5,,17.2,4.3,,1,0
2024-11-15,12.3,,16.1,0.0,,0,0
2024-11-16,11.5,,16.1,0.0,,0,0
2024-11-17,11.5,,16.1,0.0,,0,0
2024-11-18,12.6,,16.1,0.0,,0,0
2024-11-19,10.0,,15.0,0.0,,0,0
2024-11-20,14.8,,17.2,0.0,,0,0
2024-11-21,16.5,,17.8,0.8,,1,0
2024-11-22,16.2,,17.8,25.1,,1,0
2024-11-23,14.0,,16.7,0.0,,0,0
2024-11-24,12.4,,17.8,0.0,,0,0
2024-11-25,13.3,,14.4,1.5,,1,0
2024-11-26,12.6,,14.4,0.5,,1,0
2024-11-27,12.2,,17.8,0.0,,0,0
2024-11-28,10.2,,16.7,0.0,,0,0
2024-11-29,10.7,,14.4,0.0,,0,0
2024-11-30,11.5,,17.8,0.0,,0,0
2024-12-01,14.1,,18.3,0.0,,0,0
2024-12-02,13.0,,18.9,0.0,,0,0
2024-12-03,12.5,,23.9,0.0,,0,0
2024-12-04,12.1,,19.4,0.0,,0,0
2024-12-05,12.8,,18.9,0.0,,0,0
2024-12-06,12.9,,19.4,0.0,,0,0
2024-12-07,12.1,,18.3,0.0,,0,0
2024-12-08,12.4,,19.4,0.0,,0,0
2024-12-09,13.2,,20.0,0.0,,0,0
2024-12-10,11.3,,16.7,0.0,,0,0
2024-12-11,10.8,,16.1,0.3,,1,0
2024-12-12,13.1,,15.6,15.7,,1,0
2024-12-13,13.7,,15.6,3.0,,1,0
2024-12-14,12.4,,15.0,21.6,,1,0
2024-12-15,9.6,,13.3,0.0,,0,0
2024-12-16,10.0,,12.8,9.4,,1,0
2024-12-17,11.1,,14.4,0.0,,0,0
2024-12-18,9.5,,16.1,0.0,,0,0
2024-12-19,10.7,,16.1,0.0,,0,0
2024-12-20,10.3,,14.4,0.0,,0,0
2024-12-21,13.3,,16.7,0.0,,0,0
2024-12-22,14.5,,17.8,2.8,,1,0
2024-12-23,15.8,,18.3,0.3,,1,0
2024-12-24,13.6,,16.7,8.9,,1,0
2024-12-25,9.9,,12.2,0.0,,0,0
2024-12-26,13.3,,16.7,4.3,,1,0
2024-12-27,14.9,,17.2,8.1,,1,0
2024-12-28,15.2,,17.8,0.5,,1,0
2024-12-29,14.8,,17.2,4.1,,1,0
2024-12-30,10.8,,15.6,0.0,,0,0
2024-12-31,9.6,,14.4,0.0,,0,0
2025-01-01,9.0,,12.8,0.0,,0,0
2025-01-02,11.6,,15.6,0.0,,0,0
2025-01-03,12.1,,16.1,3.3,,1,0
2025-01-04,10.2,,13.9,0.0,,0,0
2025-01-05,10.4,,15.0,0.0,,0,0
2025-01-06,10.5,,14.4,0.0,,0,0
2025-01-07,15.8,,21.1,0.0,,0,0
2025-01-08,14.6,,18.3,0.0,,0,0
2025-01-09,12.8,,20.0,0.0,,0,0
2025-01-10,13.7,,19.4,0.0,,0,0
2025-01-11,14.9,,21.7,0.0,,0,0
2025-01-12,13.0,,19.4,0.0,,0,0
2025-01-13,12.3,,18.3,0.0,,0,0
2025-01-14,9.3,,16.1,0.0,,0,0
2025-01-15,10.0,,17.2,0.0,,0,0
2025-01-16,9.8,,17.8,0.0,,0,0
2025-01-17,9.6,,14.4,0.0,,0,0
2025-01-18,9.6,,13.9,0.0,,0,0
2025-01-19,8.6,,12.2,0.0,,0,0
2025-01-20,11.3,,18.9,0.0,,0,0
2025-01-21,9.1,,16.1,0.0,,0,0
2025-01-22,10.0,,17.8,0.0,,0,0
2025-01-23,12.3,,18.9,0.0,,0,0
2025-01-24,10.0,,16.1,0.0,,0,0
2025-01-25,10.9,,14.4,0.3,,1,0
2025-01-26,10.4,,15.6,0.0,,0,0
2025-01-27,8.5,,15.6,0.0,,0,0
2025-01-28,9.0,,15.0,0.0,,0,0
2025-01-29,12.1,,20.6,0.0,,0,0
2025-01-30,11.9,,19.4,0.0,,0,0
2025-01-31,10.3,,15.6,2.5,,1,0
2025-02-01,15.1,,18.9,6.4,,1,0
2025-02-02,16.2,,18.3,0.0,,0,0
2025-02-03,14.5,,18.3,1.5,,1,0
2025-02-04,12.2,,17.2,21.8,,1,0
2025-02-05,8.2,,13.3,0.0,,0,0
2025-02-06,11.0,,15.6,9.4,,1,0
2025-02-07,10.9,,13.9,0.3,,1,0
2025-02-08,9.0,,13.9,0.0,,0,0
2025-02-09,7.7,,13.3,0.0,,0,0
2025-02-10,7.4,,13.3,0.0,,0,0
2025-02-11,7.8,,12.2,0.3,,1,0
2025-02-12,9.4,,12.8,5.6,,1,0
2025-02-13,12.9,,14.4,29.7,,1,0
2025-02-14,11.6,,14.4,0.0,,0,0
2025-02-15,9.0,,13.9,0.0,,0,0
2025-02-16,10.8,,15.0,0.0,,0,0
2025-02-17,11.1,,15.0,0.0,,0,0
2025-02-18,10.5,,15.0,0.0,,0,0
2025-02-19,11.6,,15.0,0.3,,1,0
2025-02-20,11.2,,17.8,0.0,,0,0
2025-02-21,11.7,,18.3,0.0,,0,0
2025-02-22,11.6,,19.4,0.0,,0,0
2025-02-23,12.6,,16.1,0.0,,0,0
2025-02-24,13.7,,17.2,0.0,,0,0
2025-02-25,12.6,,17.8,0.0,,0,0
2025-02-26,12.8,,20.0,0.0,,0,0
2025-02-27,14.5,,22.2,0.0,,0,0
2025-02-28,14.2,,23.3,0.0,,0,0
2025-03-01,11.7,,15.0,0.0,,0,0
2025-03-02,11.4,,14.4,4.1,,1,0
2025-03-03,10.7,,15.0,0.0,,0,0
2025-03-04,12.2,,15.0,0.0,,0,0
2025-03-05,11.9,,14.4,0.0,,0,0
2025-03-06,10.8,,15.6,0.0,,0,0
2025-03-07,10.8,,18.3,0.0,,0,0
2025-03-08,10.8,,17.8,0.0,,0,0
2025-03-09,10.6,,16.1,0.0,,0,0
2025-03-10,10.8,,17.2,0.0,,0,0
2025-03-11,11.8,,17.8,0.0,,0,0
2025-03-12,12.3,,15.0,3.3,,1,0
2025-03-13,10.0,,12.8,2.5,,1,0
2025-03-14,10.4,,15.0,7.1,,1,0
2025-03-15,12.1,,15.0,0.0,,0,0
2025-03-16,11.9,,16.7,0.3,,1,0
2025-03-17,11.4,,13.9,6.4,,1,0
2025-03-18,10.3,,15.0,0.0,,0,0
2025-03-19,10.1,,15.6,0.0,,0,0
2025-03-20,11.6,,16.1,0.0,,0,0
2025-03-21,11.2,,16.7,0.0,,0,0
2025-03-22,12.3,,16.7,0.0,,0,0
2025-03-23,12.8,,19.4,0.0,,0,0
2025-03-24,16.0,,26.1,0.0,,0,1
2025-03-25,17.9,,26.1,0.0,,0,1
2025-03-26,14.8,,18.9,0.0,,0,0
2025-03-27,14.8,,17.8,0.5,,1,0
2025-03-28,13.6,,17.2,0.0,,0,0
2025-03-29,12.0,,15.6,0.0,,0,0
2025-03-30,14.2,,19.4,0.8,,1,0
2025-03-31,13.4,,16.7,2.3,,1,0
2025-04-01,12.0,,15.6,1.0,,1,0
2025-04-02,11.3,,16.1,0.0,,0,0
2025-04-03,11.5,,16.7,0.0,,0,0
2025-04-04,13.0,,22.2,0.0,,0,0
2025-04-05,13.8,,20.6,0.0,,0,0
2025-04-06,13.4,,19.4,0.0,,0,0
2025-04-07,14.3,,18.3,0.3,,1,0
2025-04-08,14.2,,18.9,0.0,,0,0
2025-04-09,15.1,,23.9,0.0,,0,0
2025-04-10,14.6,,20.6,0.0,,0,0
2025-04-11,14.3,,18.3,0.0,,0,0
2025-04-12,12.7,,17.2,0.0,,0,0
2025-04-13,14.3,,23.9,0.0,,0,0
2025-04-14,14.1,,20.6,0.0,,0,0
2025-04-15,14.2,,18.3,0.0,,0,0
2025-04-16,14.0,,17.2,0.0,,0,0
2025-04-17,13.2,,16.1,0.0,,0,0
2025-04-18,13.0,,17.8,0.0,,0,0
2025-04-19,12.8,,17.2,0.0,,0,0
2025-04-20,13.2,,18.3,0.0,,0,0
2025-04-21,14.1,,21.7,0.0,,0,0
2025-04-22,13.4,,18.3,0.0,,0,0
2025-04-23,12.0,,15.6,0.0,,0,0
2025-04-24,11.9,,15.0,0.0,,0,0
2025-04-25,12.0,,15.0,0.3,,1,0
2025-04-26,11.1,,15.6,0.0,,0,0
2025-04-27,12.3,,15.0,0.0,,0,0
2025-04-28,12.5,,18.3,0.0,,0,0
2025-04-29,13.4,,21.1,0.0,,0,0
2025-04-30,13.9,,19.4,0.0,,0,0
2025-05-01,13.5,,17.8,0.0,,0,0
2025-05-02,13.0,,16.7,0.0,,0,0
2025-05-03,13.5,,17.8,0.0,,0,0
2025-05-04,13.7,,18.9,0.0,,0,0
2025-05-05,20.0,,29.4,0.0,,0,1
2025-05-06,15.4,,21.7,0.0,,0,0
2025-05-07,14.6,,18.3,0.0,,0,0
2025-05-08,15.1,,22.8,0.0,,0,0
2025-05-09,17.5,,27.2,0.0,,0,1
2025-05-10,15.7,,21.7,0.0,,0,0
2025-05-11,14.3,,17.8,0.0,,0,0
2025-05-12,14.4,,17.8,4.8,,1,0
2025-05-13,14.5,,19.4,0.0,,0,0
2025-05-14,14.7,,20.0,0.0,,0,0
2025-05-15,15.1,,21.1,0.0,,0,0
2025-05-16,14.4,,20.0,0.0,,0,0
2025-05-17,14.6,,18.9,0.0,,0,0
2025-05-18,15.6,,21.7,0.0,,0,0
2025-05-19,16.2,,22.8,0.0,,0,0
2025-05-20,15.3,,20.6,0.0,,0,0
2025-05-21,15.6,,23.3,0.0,,0,0
2025-05-22,14.6,,18.9,0.0,,0,0
2025-05-23,13.4,,16.7,0.0,,0,0
2025-05-24,13.4,,16.7,0.0,,0,0
2025-05-25,14.2,,17.8,0.0,,0,0
2025-05-26,14.8,,18.9,0.0,,0,0
2025-05-27,14.8,,19.4,0.0,,0,0
2025-05-28,13.9,,17.8,0.0,,0,0
2025-05-29,15.7,,21.1,0.0,,0,0
2025-05-30,17.6,,27.8,0.0,,0,1
2025-05-31,17.6,,25.0,0.0,,0,0
2025-06-01,14.4,,17.8,0.0,,0,0
2025-06-02,15.6,,20.6,0.0,,0,0
2025-06-03,15.9,,21.1,0.0,,0,0
2025-06-04,15.2,,20.0,0.0,,0,0
2025-06-05,16.5,,21.1,0.0,,0,0
2025-06-06,16.2,,20.6,0.0,,0,0
2025-06-07,15.0,,18.9,0.0,,0,0
2025-06-08,15.0,,18.9,0.0,,0,0
2025-06-09,14.2,,17.2,0.0,,0,0
2025-06-10,13.9,,17.2,0.0,,0,0
2025-06-11,13.8,,16.7,0.0,,0,0
2025-06-12,13.7,,17.2,0.0,,0,0
2025-06-13,13.6,,18.3,0.0,,0,0
2025-06-14,14.1,,18.3,0.0,,0,0
2025-06-15,14.0,,19.4,0.0,,0,0
2025-06-16,13.8,,18.3,0.0,,0,0
2025-06-17,15.4,,20.6,0.0,,0,0
2025-06-18,16.2,,22.2,0.0,,0,0
2025-06-19,14.5,,18.3,0.0,,0,0
2025-06-20,15.3,,20.6,0.0,,0,0
2025-06-21,16.7,,22.2,0.0,,0,0
2025-06-22,15.7,,21.1,0.0,,0,0
2025-06-23,14.6,,20.0,0.0,,0,0
2025-06-24,14.1,,17.8,0.0,,0,0
2025-06-25,14.1,,17.8,0.0,,0,0
2025-06-26,14.7,,19.4,0.0,,0,0
2025-06-27,16.3,,23.3,0.0,,0,0
2025-06-28,17.3,,25.0,0.0,,0,0
2025-06-29,15.7,,21.7,0.0,,0,0
2025-06-30,15.3,,21.7,0.0,,0,0
2025-07-01,15.4,,21.7,0.0,,0,0
2025-07-02,15.2,,20.0,0.0,,0,0
2025-07-03,14.8,,17.8,0.0,,0,0
2025-07-04,15.4,,19.4,0.0,,0,0
2025-07-05,15.2,,19.4,0.0,,0,0
2025-07-06,15.1,,20.0,0.0,,0,0
2025-07-07,15.6,,20.6,0.0,,0,0
2025-07-08,16.7,,21.7,0.0,,0,0
2025-07-09,16.0,,20.0,0.0,,0,0
2025-07-10,17.0,,25.0,0.0,,0,0
2025-07-11,16.5,,21.1,0.0,,0,0
2025-07-12,15.8,,20.0,0.0,,0,0
2025-07-13,15.5,,19.7,0.0,,0,0
2025-07-14,15.8,,20.3,0.0,,0,0
2025-07-15,15.0,,17.9,0.0,,0,0
2025-07-16,14.6,,17.7,0.0,,0,0
2025-07-17,15.4,,18.9,0.0,,0,0
2025-07-18,14.6,,18.0,0.0,,0,0
2025-07-19,13.7,,16.7,0.0,,0,0
2025-07-20,14.3,,17.4,0.0,,0,0
2025-07-21,14.5,,17.2,0.0,,0,0
2025-07-22,14.8,,17.2,0.0,,0,0
2025-07-23,15.5,,18.7,0.0,,0,0
2025-07-24,15.2,,18.1,0.0,,0,0
2025-07-25,14.7,,17.2,0.0,,0,0
2025-07-26,14.6,,17.5,0.0,,0,0
2025-07-27,14.8,,17.5,0.0,,0,0
2025-07-28,14.8,,17.8,0.0,,0,0
2025-07-29,15.4,,18.1,0.0,,0,0
2025-07-30,15.5,,18.0,0.0,,0,0
2025-07-31,16.6,,20.1,0.0,,0,0
2025-08-01,16.4,,19.9,0.0,,0,0
2025-08-02,15.9,,19.2,0.0,,0,0
2025-08-03,16.5,,21.8,0.0,,0,0
2025-08-04,16.9,,22.4,0.0,,0,0
2025-08-05,15.9,,19.8,0.0,,0,0
2025-08-06,19.2,,25.4,0.0,,0,1
2025-08-07,17.4,,22.7,0.0,,0,0
2025-08-08,18.5,,25.9,0.0,,0,1
2025-08-09,17.8,,24.2,0.0,,0,0
2025-08-10,17.4,,23.3,0.0,,0,0
2025-08-11,16.6,,20.4,0.0,,0,0
2025-08-12,16.0,,19.2,0.0,,0,0
2025-08-13,16.5,,20.0,0.0,,0,0
2025-08-14,16.1,,19.9,0.0,,0,0
2025-08-15,18.0,,23.6,0.0,,0,0
2025-08-16,17.3,,20.3,0.0,,0,0
2025-08-17,15.7,,18.4,0.0,,0,0
2025-08-18,16.3,,20.5,0.0,,0,0
2025-08-19,17.4,,22.4,0.0,,0,0
2025-08-20,19.8,,25.8,0.0,,0,1
2025-08-21,20.8,,27.4,0.0,,0,1
2025-08-22,17.5,,22.0,0.0,,0,0
2025-08-23,16.6,,21.1,0.0,,0,0
2025-08-24,16.5,,19.8,0.0,,0,0
2025-08-25,16.7,,20.6,0.0,,0,0
2025-08-26,17.5,,21.1,0.0,,0,0
2025-08-27,17.5,,21.2,0.0,,0,0
2025-08-28,17.4,,23.9,0.0,,0,0
2025-08-29,16.2,,20.8,0.0,,0,0
2025-08-30,20.0,,30.6,0.0,,0,1
2025-08-31,20.8,,28.9,0.0,,0,1
2025-09-01,20.0,,26.3,0.0,,0,1
2025-09-02,17.2,,21.3,0.0,,0,0
2025-09-03,18.0,,22.8,0.0,,0,0
2025-09-04,17.3,,20.6,0.0,,0,0
2025-09-05,17.9,,21.1,0.0,,0,0
2025-09-06,18.5,,22.2,0.0,,0,0
2025-09-07,19.4,,23.9,0.0,,0,0
2025-09-08,19.4,,25.0,0.0,,0,0
2025-09-09,20.1,,22.8,0.5,,1,0
2025-09-10,19.1,,22.2,0.0,,0,0
2025-09-11,17.5,,21.3,0.0,,0,0
2025-09-12,17.7,,21.3,0.0,,0,0
2025-09-13,17.4,,20.9,0.0,,0,0
2025-09-14,18.7,,23.9,0.0,,0,0
2025-09-15,20.1,,29.1,0.0,,0,1
2025-09-16,19.5,,26.4,0.0,,0,1
2025-09-17,19.9,,26.6,0.0,,0,1
2025-09-18,18.3,,22.1,0.0,,0,0
2025-09-19,18.6,,22.8,0.0,,0,0
2025-09-20,18.2,,22.6,0.0,,0,0
2025-09-21,18.4,,22.7,0.0,,0,0
2025-09-22,19.3,,25.5,0.0,,0,1
2025-09-23,22.6,,31.9,0.0,,0,1
2025-09-24,18.8,,22.1,8.3,,1,0
2025-09-25,17.5,,21.1,0.0,,0,0
2025-09-26,17.8,,23.6,0.0,,0,0
2025-09-27,17.3,,20.3,0.0,,0,0
2025-09-28,18.0,,20.2,0.0,,0,0
2025-09-29,18.1,,21.2,0.9,,1,0
2025-09-30,18.5,,21.0,1.2,,1,0
2025-10-01,18.5,,21.4,6.1,,1,0
2025-10-02,16.5,,18.4,1.2,,1,0
2025-10-03,16.0,,19.6,0.0,,0,0
2025-10-04,16.2,,20.9,0.0,,0,0
2025-10-05,17.6,,24.2,0.0,,0,0
2025-10-06,20.2,,28.4,0.0,,0,1
2025-10-07,20.5,,29.4,0.0,,0,1
2025-10-08,17.2,,21.1,0.0,,0,0
2025-10-09,17.7,,21.2,0.7,,1,0
2025-10-10,16.3,,20.8,0.0,,0,0
2025-10-11,16.1,,19.5,0.0,,0,0
2025-10-12,15.5,,20.3,0.0,,0,0
2025-10-13,13.8,,17.2,18.2,,1,0
2025-10-14,12.7,,15.0,0.3,,1,0
2025-10-15,14.6,,17.7,0.2,,1,0
2025-10-16,13.9,,17.4,0.0,,0,0
2025-10-17,18.1,,23.6,,,0,0
2025-10-18,19.4,,26.5,,,0,1
2025-10-19,18.3,,22.6,,,0,0
